chrom,start,end,id,sample,type,SVtype,Size,Ill250.GT,Ill250.alt_alnScore_mean,Ill250.alt_alnScore_std,Ill250.alt_count,Ill250.alt_insertSize_mean,Ill250.alt_insertSize_std,Ill250.alt_reason_alignmentScore,Ill250.alt_reason_insertSizeScore,Ill250.alt_reason_orientation,Ill250.amb_alnScore_mean,Ill250.amb_alnScore_std,Ill250.amb_count,Ill250.amb_insertSize_mean,Ill250.amb_insertSize_std,Ill250.amb_reason_alignmentScore_alignmentScore,Ill250.amb_reason_alignmentScore_orientation,Ill250.amb_reason_flanking,Ill250.amb_reason_insertSizeScore_alignmentScore,Ill250.amb_reason_insertSizeScore_insertSizeScore,Ill250.amb_reason_insertSizeScore_orientation,Ill250.amb_reason_multimapping,Ill250.amb_reason_orientation_alignmentScore,Ill250.amb_reason_orientation_orientation,Ill250.amb_reason_same_scores,Ill250.ref_alnScore_mean,Ill250.ref_alnScore_std,Ill250.ref_count,Ill250.ref_insertSize_mean,Ill250.ref_insertSize_std,Ill250.ref_reason_alignmentScore,Ill250.ref_reason_orientation,Ill300x.GT,Ill300x.alt_alnScore_mean,Ill300x.alt_alnScore_std,Ill300x.alt_count,Ill300x.alt_insertSize_mean,Ill300x.alt_insertSize_std,Ill300x.alt_reason_alignmentScore,Ill300x.alt_reason_insertSizeScore,Ill300x.alt_reason_orientation,Ill300x.amb_alnScore_mean,Ill300x.amb_alnScore_std,Ill300x.amb_count,Ill300x.amb_insertSize_mean,Ill300x.amb_insertSize_std,Ill300x.amb_reason_alignmentScore_alignmentScore,Ill300x.amb_reason_alignmentScore_insertSizeScore,Ill300x.amb_reason_alignmentScore_orientation,Ill300x.amb_reason_flanking,Ill300x.amb_reason_insertSizeScore_alignmentScore,Ill300x.amb_reason_insertSizeScore_insertSizeScore,Ill300x.amb_reason_insertSizeScore_orientation,Ill300x.amb_reason_multimapping,Ill300x.amb_reason_orientation_alignmentScore,Ill300x.amb_reason_orientation_insertSizeScore,Ill300x.amb_reason_orientation_orientation,Ill300x.amb_reason_same_scores,Ill300x.ref_alnScore_mean,Ill300x.ref_alnScore_std,Ill300x.ref_count,Ill300x.ref_insertSize_mean,Ill300x.ref_insertSize_std,Ill300x.ref_reason_alignmentScore,Ill300x.ref_reason_insertSizeScore,Ill300x.ref_reason_orientation,IllMP.GT,IllMP.alt_alnScore_mean,IllMP.alt_alnScore_std,IllMP.alt_count,IllMP.alt_insertSize_mean,IllMP.alt_insertSize_std,IllMP.alt_reason_alignmentScore,IllMP.alt_reason_insertSizeScore,IllMP.alt_reason_orientation,IllMP.amb_alnScore_mean,IllMP.amb_alnScore_std,IllMP.amb_count,IllMP.amb_insertSize_mean,IllMP.amb_insertSize_std,IllMP.amb_reason_alignmentScore_alignmentScore,IllMP.amb_reason_alignmentScore_orientation,IllMP.amb_reason_flanking,IllMP.amb_reason_insertSizeScore_alignmentScore,IllMP.amb_reason_insertSizeScore_insertSizeScore,IllMP.amb_reason_multimapping,IllMP.amb_reason_orientation_alignmentScore,IllMP.amb_reason_orientation_insertSizeScore,IllMP.amb_reason_orientation_orientation,IllMP.amb_reason_same_scores,IllMP.ref_alnScore_mean,IllMP.ref_alnScore_std,IllMP.ref_count,IllMP.ref_insertSize_mean,IllMP.ref_insertSize_std,IllMP.ref_reason_alignmentScore,IllMP.ref_reason_insertSizeScore,IllMP.ref_reason_orientation,TenX.GT,TenX.HP1_alt_alnScore_mean,TenX.HP1_alt_alnScore_std,TenX.HP1_alt_count,TenX.HP1_alt_insertSize_mean,TenX.HP1_alt_insertSize_std,TenX.HP1_alt_reason_alignmentScore,TenX.HP1_alt_reason_insertSizeScore,TenX.HP1_alt_reason_orientation,TenX.HP1_amb_alnScore_mean,TenX.HP1_amb_alnScore_std,TenX.HP1_amb_count,TenX.HP1_amb_insertSize_mean,TenX.HP1_amb_insertSize_std,TenX.HP1_amb_reason_alignmentScore_alignmentScore,TenX.HP1_amb_reason_alignmentScore_orientation,TenX.HP1_amb_reason_flanking,TenX.HP1_amb_reason_insertSizeScore_alignmentScore,TenX.HP1_amb_reason_insertSizeScore_insertSizeScore,TenX.HP1_amb_reason_insertSizeScore_orientation,TenX.HP1_amb_reason_multimapping,TenX.HP1_amb_reason_orientation_alignmentScore,TenX.HP1_amb_reason_orientation_insertSizeScore,TenX.HP1_amb_reason_orientation_orientation,TenX.HP1_amb_reason_same_scores,TenX.HP1_ref_alnScore_mean,TenX.HP1_ref_alnScore_std,TenX.HP1_ref_count,TenX.HP1_ref_insertSize_mean,TenX.HP1_ref_insertSize_std,TenX.HP1_ref_reason_alignmentScore,TenX.HP1_ref_reason_insertSizeScore,TenX.HP1_ref_reason_orientation,TenX.HP2_alt_alnScore_mean,TenX.HP2_alt_alnScore_std,TenX.HP2_alt_count,TenX.HP2_alt_insertSize_mean,TenX.HP2_alt_insertSize_std,TenX.HP2_alt_reason_alignmentScore,TenX.HP2_alt_reason_insertSizeScore,TenX.HP2_alt_reason_orientation,TenX.HP2_amb_alnScore_mean,TenX.HP2_amb_alnScore_std,TenX.HP2_amb_count,TenX.HP2_amb_insertSize_mean,TenX.HP2_amb_insertSize_std,TenX.HP2_amb_reason_alignmentScore_alignmentScore,TenX.HP2_amb_reason_alignmentScore_orientation,TenX.HP2_amb_reason_flanking,TenX.HP2_amb_reason_insertSizeScore_alignmentScore,TenX.HP2_amb_reason_insertSizeScore_insertSizeScore,TenX.HP2_amb_reason_insertSizeScore_orientation,TenX.HP2_amb_reason_multimapping,TenX.HP2_amb_reason_orientation_alignmentScore,TenX.HP2_amb_reason_orientation_insertSizeScore,TenX.HP2_amb_reason_orientation_orientation,TenX.HP2_amb_reason_same_scores,TenX.HP2_ref_alnScore_mean,TenX.HP2_ref_alnScore_std,TenX.HP2_ref_count,TenX.HP2_ref_insertSize_mean,TenX.HP2_ref_insertSize_std,TenX.HP2_ref_reason_alignmentScore,TenX.HP2_ref_reason_insertSizeScore,TenX.HP2_ref_reason_orientation,pacbio.GT,pacbio.alt_alnScore_mean,pacbio.alt_alnScore_std,pacbio.alt_count,pacbio.alt_insertSize_mean,pacbio.alt_insertSize_std,pacbio.alt_reason_alignmentScore,pacbio.amb_alnScore_mean,pacbio.amb_alnScore_std,pacbio.amb_count,pacbio.amb_insertSize_mean,pacbio.amb_insertSize_std,pacbio.amb_reason_alignmentScore_alignmentScore,pacbio.amb_reason_flanking,pacbio.amb_reason_multimapping,pacbio.amb_reason_same_scores,pacbio.ref_alnScore_mean,pacbio.ref_alnScore_std,pacbio.ref_count,pacbio.ref_insertSize_mean,pacbio.ref_insertSize_std,pacbio.ref_reason_alignmentScore,GTconflict,GTcons,GTsupp,refN_cnt,refN_pct,segdup_cnt,segdup_pct,tandemrep_cnt,tandemrep_pct,clusterLabel,clusterLabel.SVD,clusterLabel.raw,clusterLabel_5,clusterLabel_10
11,80974772,80974799,507,0,1,0,-26,1,974.7777778,17.5020281,27,410.2222222,65.40547793,27,0,0,885.4739583,161.2956633,192,404.890625,174.9370527,49,0,127,0,,0,10,0,4,2,986.173913,17.15822068,46,439.5217391,85.67779356,46,0,1,576.7792208,3.740349927,154,601.2597403,160.1866932,153,1,0,537.8902954,90.98760569,2607,628.0372075,308.4907825,366,,0,1606,0,0,,288,0,,7,340,586.8134328,4.760170432,268,580.6902985,158.4203187,268,0,0,-1,333,87.04596487,8,6530.625,762.6501389,8,0,0,359.9631223,98.45513452,1627,6885.53657,3561.522153,285,0,624,,0,295,0,,28,395,430.25,81.23692202,8,6904.5,1336.049494,8,0,0,-1,0,0,0,0,0,0,0,0,505.6111111,79.04177841,126,369.9920635,200.6012588,27,0,87,0,,,5,1,,2,4,537.2666667,16.27049135,15,324.2666667,65.08401408,15,,0,533.1,11.6185197,20,390.65,230.1087297,19,1,0,523.7045455,59.53236179,132,344.0909091,108.2335056,25,0,98,0,,0,1,0,,0,8,541.5,10.74709263,8,367.625,56.98012263,8,,0,1,13716.48,6576.899818,25,8695.76,4156.524753,25,10540.71585,7101.6315,366,7473.103825,5036.607214,130,220,3,13,15991.72727,7457.560771,22,10072.86364,4681.987227,22,-1,1,2,0,0,0,0,1,0.888889,7,-1,-1,7,37
16,25800724,25800753,563,0,1,0,-28,-1,955.3684211,21.93221741,38,407.2631579,62.44605428,38,0,0,888.5212766,152.14374,188,523.4255319,372.3018533,58,0,118,0,0,,5,0,6,1,984,11.46423008,7,425,109.4179406,7,0,-1,577.6304348,6.590590665,138,544.8913043,134.3485994,138,0,0,528.9283684,93.76221232,1759,593.2160318,308.3074353,417,,0,1097,0,0,,86,0,,5,154,583.3125,9.998242033,32,592.59375,164.9088497,32,0,0,-1,438.1428571,55.09324193,7,7487.571429,918.9384959,7,0,0,363.2381786,97.23081998,1713,6628.78634,3178.738805,292,0,720,,0,278,0,0,32,391,262,0,1,8407,0,1,0,0,-1,530.2631579,14.68562529,19,357.2631579,194.0992264,18,1,0,507.4181818,72.49376757,165,385.0545455,257.1848352,37,0,108,0,0,,1,0,,6,13,531,8,5,267.6,75.26114535,5,0,0,529.0833333,12.04476604,12,370.75,84.38811626,12,0,0,499.4382716,79.1948637,162,354.7222222,232.1813428,42,0,105,0,0,,4,0,,7,4,530.1666667,21.88162598,6,308,89.613987,6,0,0,-1,15649.89474,6406.54341,38,9841.078947,3738.080864,38,10821.43675,7019.703771,419,7650.957041,4901.737448,152,260,0,7,14306.66667,8716.305576,3,9285.666667,6282.615821,3,-1,-1,0,0,0,0,0,1,1,27,-1,-1,27,31
2,237756499,237756579,178,0,0,0,-80,-1,0,0,0,0,0,0,0,0,856.505814,161.379608,172,444.3023256,226.5598678,58,0,99,0,,0,11,1,3,0,961.2666667,34.1730238,15,472.3333333,108.1398272,15,0,0,0,0,0,0,0,0,0,0,528.6113844,92.38394971,1423,605.4539705,334.675974,384,,0,930,0,0,,76,0,,5,28,573.775,16.93687422,120,568.7083333,153.3939588,120,0,0,-1,0,0,0,0,0,0,0,0,351.9360614,94.97385428,1564,6795.38491,3564.238688,329,0,588,,0,309,0,,28,310,439.8181818,49.60538494,11,6202,955.4874054,11,0,0,0,0,0,0,0,0,0,0,0,424.7624113,116.2025177,282,290.2092199,158.2062647,125,0,95,0,,,25,6,,31,0,508.6,25.69124364,10,368.7,74.04059697,10,,0,0,0,0,0,0,0,0,0,416.1919192,122.877126,297,279.7138047,133.3530626,121,0,98,0,,0,27,13,,38,0,522.75,23.47738273,16,299.5,93.234248,16,,0,0,0,0,0,0,0,0,10300.89702,6993.214136,369,7499.899729,4985.495306,151,208,2,8,15976.14,6005.516214,50,10224.44,3690.488278,50,-1,0,1,0,0,0,0,0,0,23,-1,-1,23,20
17,66068893,66068914,83,0,1,0,-20,-1,905.25,22.96056402,12,432.25,50.5488625,12,0,0,890.2842105,140.8429258,95,404.5157895,110.8508589,28,0,63,0,0,,2,0,1,1,0,0,0,0,0,0,0,-1,560.2906977,12.10310961,86,567.7790698,139.0487953,86,0,0,538.1638514,64.77468884,1184,573.0430743,234.9603992,252,,0,676,0,0,0,217,0,0,2,37,0,0,0,0,0,0,0,0,-1,416.4285714,43.83689621,7,6430.285714,634.7286742,7,0,0,360.9329502,85.82705575,1566,6594.127075,3418.9613,248,0,572,,0,544,0,,31,171,0,0,0,0,0,0,0,0,-1,0,0,0,0,0,0,0,0,487.2857143,114.1517965,28,299.2142857,93.78560548,4,0,21,0,0,0,2,0,0,1,0,0,0,0,0,0,0,,0,0,0,0,0,0,0,0,0,497.9803922,78.93071924,51,338.9411765,161.345496,8,0,36,0,0,,4,0,0,3,0,0,0,0,0,0,0,,0,-1,7462.5,3693.5,2,4639.5,2113.5,2,9864.743034,6435.084589,323,7464.433437,4666.241014,162,157,2,2,14081.73077,4956.031598,26,9251.461538,2980.043743,26,-1,-1,0,0,0,0,0,0,0,20,-1,-1,20,17
1,151189376,151189398,119,0,1,0,-21,-1,948.1666667,16.79575012,48,429.3333333,68.75600984,48,0,0,854.1727749,157.4923467,191,493.9005236,304.0815294,67,0,101,0,0,,20,0,3,0,971.2,41.73439828,5,393,53.75127905,5,0,-1,552.915,8.549138846,200,544.83,151.3423639,198,2,0,536.8281976,84.87115623,2369,646.1013086,295.3975133,498,0,0,1380,0,0,,169,0,0,4,318,578.5609756,17.33746652,41,563.6829268,158.4798885,41,0,0,-1,380,52.69589304,7,6446.142857,982.8302322,7,0,0,360.8397291,89.9116273,1772,6694.125282,3565.07167,331,0,584,,0,394,0,0,46,417,318.6666667,51.54501808,3,7552.666667,634.1683968,3,0,0,,,,,,,,,,,,,,,,,,,,,,,,,,,,,,,,,,,,,,,,,,,,,,,,,,,,,,,,,,,,,,,,,,-1,16239.12,6513.751419,25,10249.8,4278.352739,25,9763.849057,7015.396539,371,6984.425876,4798.362251,135,225,1,10,17486,0,1,11440,0,1,-1,-1,0,0,0,0,0,1,1,27,-1,-1,27,39
20,60050505,60050757,884,0,1,0,-183,0,0,0,0,0,0,0,0,0,874.6476684,158.5732704,193,385.3937824,149.1096559,64,0,117,0,0,,6,0,6,0,967.9333333,35.24006558,30,412.6333333,96.33050169,30,0,0,0,0,0,0,0,0,0,0,527.8351272,91.70092906,2044,547.1805284,237.8336161,511,,0,1353,0,0,,175,0,,5,0,584.1944444,12.20751008,180,575.4722222,155.4933879,180,0,0,-1,0,0,0,0,0,0,0,0,356.0923254,96.50396435,1733,7055.472591,3740.211433,330,0,663,0,0,321,0,,38,381,395,75.64707529,25,6703.4,1021.868015,25,0,0,0,0,0,0,0,0,0,0,0,378.5942623,153.0757183,244,256.2868852,169.3198051,82,0,93,0,0,,11,37,0,21,0,527.6153846,17.78304491,13,309.2307692,98.62060469,13,,0,0,0,0,0,0,0,0,0,295.9585921,138.9861483,483,188.0310559,107.9898444,256,0,84,0,0,,34,85,,24,0,529.5625,27.43621865,16,311.875,76.50806739,16,0,0,0,0,0,0,0,0,0,11115.21395,7103.852841,430,7917.65814,4730.129321,188,227,0,15,15790.02564,5459.072691,39,9997.435897,3547.625214,39,-1,0,2,0,0,0,0,4,0.638889,23,-1,-1,23,20
5,73952305,73952340,781,0,0,0,-35,-1,985.7027027,11.6615906,37,435.4054054,103.0626835,37,0,0,894.3389831,135.6653339,177,412.1468927,156.8097228,42,0,119,0,0,,10,0,6,0,986,9.933109617,3,471.3333333,51.38957957,3,0,-1,580.8484848,9.489775078,165,583.3454545,164.9504849,164,1,0,527.7336957,93.8776016,1840,623.8896739,303.3824665,426,,0,1109,0,0,0,128,0,0,3,174,588.4642857,6.369470391,56,562.4821429,166.7403875,56,0,0,-1,412.4166667,59.699886,12,7049.916667,897.8468186,12,0,0,358.7123209,96.5264267,1745,6598.11404,3195.493703,317,0,713,,0,303,0,,42,370,388.8333333,65.97579522,6,6211.333333,1334.739883,6,0,0,-1,535.2142857,18.33099861,14,324.1428571,46.27380799,14,0,0,498.3333333,87.2303646,105,358.6857143,164.9277079,22,0,70,0,0,0,5,0,0,6,2,558,0,1,303,0,1,,0,534.8888889,19.00552226,9,321.2222222,108.1118534,9,0,0,515.3495146,62.69679057,103,370.1359223,196.8800852,16,0,73,0,0,,6,0,0,1,7,546.5,16.51514456,4,252,62.02821938,4,,0,2,15744.875,7421.89076,40,9899.75,4701.432823,40,10510.25366,6373.837225,410,7445.136585,4340.512414,140,257,2,11,0,0,0,0,0,0,-1,-1,0,0,0,0,0,1,1,7,-1,-1,7,26
17,62677145,62677168,753,0,1,0,-22,-1,923.7333333,28.36774381,15,446.0666667,54.35005878,15,0,0,799.9837398,121.664672,123,401.0162602,140.3248255,73,0,36,0,0,,11,0,3,0,919.1666667,49.24231469,6,452.3333333,48.76701982,6,0,-1,565.5818182,19.47650417,55,619.0727273,232.0828108,52,3,0,518.5963618,93.90435209,2034,584.0078663,299.7161718,537,,0,1147,0,0,,174,0,,3,173,574.9574468,18.28027358,47,578.8723404,127.4291822,47,0,0,-1,382,64.11318117,4,6451.75,774.9185038,4,0,0,371.3795872,84.8619721,1744,6709.949541,3548.387595,295,0,593,,0,366,0,0,41,449,491.3333333,12.25651754,3,7289,1288.250234,3,0,0,1,528.7777778,21.57301698,18,301.2222222,63.50376678,18,0,0,474.2679739,95.90831723,153,338.7908497,195.4932977,51,1,80,0,0,,6,0,,11,4,0,0,0,0,0,0,0,0,0,0,0,0,0,0,0,0,478.7946429,94.01103074,112,303.3660714,138.8234359,29,0,70,0,0,,5,0,,8,0,525.1428571,20.34297753,7,323.7142857,99.89811136,7,0,0,1,15010.71875,6166.700907,32,9332.1875,3778.393379,32,10075.55528,6812.982989,398,7322.836683,5022.716368,153,232,1,12,17622.04348,6552.066952,23,10954.17391,3915.177409,23,-1,-1,0,0,0,0,0,1,1,21,-1,-1,21,18
4,7483609,7483884,408,0,0,0,-275,-1,0,0,0,0,0,0,0,0,811.5524476,164.2191815,143,419.5874126,198.9832663,42,0,59,0,0,,40,0,2,0,978.95,31.51741582,20,419.65,69.02845428,20,0,-1,527,0,1,820,0,0,1,0,505.9987358,86.38253205,1582,681.0929204,388.6744803,283,0,0,529,0,0,,761,0,0,9,0,585.0120482,10.78764797,83,600.4337349,200.9216231,83,0,0,-1,0,0,0,0,0,0,0,0,354.765748,95.65772238,1524,6798.653543,3798.452864,285,0,519,,0,466,0,0,31,223,401.75,65.18770973,8,6492.125,1184.899514,8,0,0,-1,0,0,0,0,0,0,0,0,483.9622642,74.28145411,53,409.8867925,234.5802884,4,0,17,0,0,0,28,0,0,4,0,542.3333333,15.72330189,6,329.3333333,120.0870055,6,0,0,0,0,0,0,0,0,0,0,480.0227273,82.92068736,44,397.5227273,182.3648302,6,0,16,0,0,,19,0,,3,0,518,0,1,255,0,1,0,0,0,0,0,0,0,0,0,10440.86243,6849.580905,378,7672.153439,4725.252713,153,215,3,7,17283.13514,6176.25067,37,11304.89189,4032.263142,37,-1,-1,0,0,0,1,1,1,1,10,-1,-1,10,49
23,97371263,97371395,142,0,0,0,-132,-1,980.6875,8.461078167,16,440.875,61.73317078,16,0,0,883.9468085,153.0436155,94,419.0957447,248.8711565,28,0,56,0,0,,2,0,5,3,986.4,9.457272334,10,510,123.8281067,10,0,-1,579.8,9.941160227,15,711.2666667,297.7395879,11,4,0,534.2538254,88.49559947,1111,602.770477,309.5993324,214,0,0,659,0,0,,106,0,0,2,130,582.4230769,11.41413792,52,607.9230769,190.0482577,52,0,0,-1,0,0,0,0,0,0,0,0,370.7766367,90.26043573,779,6852.845956,3359.963554,191,0,313,,0,77,0,0,16,182,441,51,2,6159.5,282.5,2,0,0,,,,,,,,,,,,,,,,,,,,,,,,,,,,,,,,,,,,,,,,,,,,,,,,,,,,,,,,,,,,,,,,,,2,12892.6,5316.00591,20,8215.95,3352.378178,20,10247.51364,6370.958816,220,7162.918182,4206.572282,78,136,0,6,0,0,0,0,0,0,-1,-1,0,0,0,0,0,1,1,35,-1,-1,35,62