variant,sample,alt_alnScore_mean,alt_alnScore_std,alt_count,alt_insertSize_mean,alt_insertSize_std,alt_reason_alignmentScore,amb_alnScore_mean,amb_alnScore_std,amb_count,amb_insertSize_mean,amb_insertSize_std,amb_reason_alignmentScore_alignmentScore,amb_reason_flanking,amb_reason_multimapping,amb_reason_orientation_orientation,amb_reason_same_scores,ref_alnScore_mean,ref_alnScore_std,ref_count,ref_insertSize_mean,ref_insertSize_std,ref_reason_alignmentScore,ref_reason_orientation
"Insertion::4:158,353,382-158,353,407;len=1",HG002_hs37d5_2x250,972.612244898,34.5984642378,49.0,413.653061224,73.5661720786,49.0,881.649484536,162.209393835,194.0,415.783505155,261.413435113,57.0,127.0,5.0,4.0,1.0,1000.0,0.0,1.0,317.0,0.0,1.0,
"Insertion::4:158,353,382-158,353,407;len=1",HG003_hs37d5_2x250,970.954545455,20.3837664303,22.0,430.863636364,69.7432274031,22.0,895.131944444,153.085907551,144.0,429.395833333,269.530873792,40.0,97.0,1.0,4.0,2.0,945.833333333,46.3659956817,18.0,427.277777778,73.1921410137,17.0,1.0
"Insertion::4:158,353,382-158,353,407;len=1",HG004_hs37d5_2x250,967.666666667,29.1961075901,21.0,447.0,89.9105375465,21.0,900.697802198,143.255523245,182.0,385.494505495,180.23890578,47.0,122.0,3.0,10.0,,956.285714286,25.6888763348,21.0,426.904761905,87.2319866857,21.0,
"Deletion::4:159,802,546-159,802,572(26)",HG002_hs37d5_2x250,906.071428571,34.5903873635,14.0,466.642857143,82.8782300753,14.0,879.005813953,138.356822858,172.0,390.412790698,125.894697874,62.0,105.0,2.0,3.0,,901.0,0.0,1.0,613.0,0.0,1.0
"Deletion::4:159,802,546-159,802,572(26)",HG003_hs37d5_2x250,925.7,21.8634398026,10.0,450.4,80.3420188942,10.0,884.836363636,116.918012761,165.0,385.090909091,113.190310014,54.0,92.0,6.0,10.0,3.0,904.0,0.0,1.0,367.0,0.0,1.0
"Deletion::4:159,802,546-159,802,572(26)",HG004_hs37d5_2x250,901.6,36.9356196645,5.0,449.8,57.2447377494,5.0,876.518292683,132.03974238,164.0,384.725609756,108.82567881,60.0,93.0,4.0,6.0,1.0,917.5,50.0249937531,8.0,430.875,81.0654635156,8.0
"Insertion::4:161,271,736-161,271,795;len=1",HG002_hs37d5_2x250,982.097560976,15.9416694019,41.0,427.243902439,87.7381860542,41.0,898.660130719,139.598357735,153.0,400.058823529,210.193133576,42.0,99.0,6.0,4.0,2.0,986.714285714,19.4254199125,7.0,408.428571429,100.963723532,7.0
"Insertion::4:161,271,736-161,271,795;len=1",HG003_hs37d5_2x250,965.4,29.0213714355,30.0,408.733333333,66.3364823373,30.0,906.100671141,123.492669943,149.0,382.617449664,104.103755505,41.0,99.0,3.0,6.0,,966.0,26.5271993941,13.0,479.692307692,104.275068645,13.0
"Insertion::4:161,271,736-161,271,795;len=1",HG004_hs37d5_2x250,963.74,27.4851305254,50.0,443.3,95.2722939789,50.0,882.116129032,149.04309638,155.0,427.296774194,237.904783724,49.0,98.0,5.0,2.0,1.0,968.285714286,20.4500386707,14.0,494.642857143,108.75043983,14.0
"Insertion::4:164,732,396-164,732,417;len=1",HG002_hs37d5_2x250,976.04,19.6580365245,25.0,417.08,73.5879990216,25.0,863.296703297,170.756139626,182.0,387.131868132,139.801013123,60.0,104.0,8.0,9.0,1.0,975.75,27.9586748613,44.0,429.568181818,78.8365390964,44.0
"Insertion::4:164,732,396-164,732,417;len=1",HG003_hs37d5_2x250,,,,,,,891.094339623,150.040572813,159.0,389.786163522,145.170485972,42.0,104.0,6.0,6.0,1.0,981.803278689,17.9396252242,61.0,423.278688525,77.7505745374,61.0
"Insertion::4:164,732,396-164,732,417;len=1",HG004_hs37d5_2x250,980.843137255,8.38853687731,51.0,436.098039216,98.3840523706,51.0,890.899038462,152.688516516,208.0,397.831730769,153.958990397,57.0,132.0,8.0,10.0,1.0,988.5,7.79422863406,4.0,457.5,104.767599953,4.0
"Insertion::4:167,890,637-167,890,665;len=1",HG002_hs37d5_2x250,984.095238095,18.6723752204,21.0,449.857142857,97.5047181834,21.0,901.470238095,140.972849699,168.0,372.398809524,88.7838560428,45.0,110.0,4.0,8.0,1.0,992.4,12.0532153387,25.0,442.24,86.2629839502,25.0,
"Insertion::4:167,890,637-167,890,665;len=1",HG003_hs37d5_2x250,983.555555556,19.351205022,18.0,448.5,74.2250706373,18.0,915.136094675,125.052695871,169.0,379.408284024,112.366128854,41.0,116.0,3.0,9.0,,987.92,20.5249506699,25.0,413.08,84.1688398399,24.0,1.0
"Insertion::4:167,890,637-167,890,665;len=1",HG004_hs37d5_2x250,,,,,,,912.71686747,132.336730341,166.0,373.427710843,85.4810848002,43.0,116.0,1.0,4.0,2.0,994.512195122,6.07723441281,41.0,407.951219512,74.449836187,41.0,
"Deletion::4:170,808,430-170,808,710(280)",HG002_hs37d5_2x250,963.722222222,31.6821112434,18.0,426.111111111,105.641368627,16.0,1.0,1.0,862.368686869,157.282768034,198.0,449.217171717,285.131510165,68.0,105.0,17.0,3.0,4.0,1.0,969.142857143,41.5440508769,28.0,375.035714286,64.5614226603,28.0
"Deletion::4:170,808,430-170,808,710(280)",HG003_hs37d5_2x250,967.896551724,19.9245902958,29.0,437.034482759,78.8422618855,29.0,,,861.639784946,140.137353236,186.0,434.241935484,260.203808797,81.0,89.0,9.0,,7.0,,961.6,82.2707724529,25.0,426.24,86.1404806116,25.0
"Deletion::4:170,808,430-170,808,710(280)",HG004_hs37d5_2x250,969.833333333,16.4359024361,12.0,460.833333333,101.419782204,12.0,,,881.441747573,134.102279488,206.0,423.053398058,228.448974701,74.0,118.0,7.0,1.0,6.0,,956.882352941,49.4438271326,17.0,420.352941176,100.922183871,17.0
"Deletion::4:172,141,538-172,141,630(92)",HG002_hs37d5_2x250,897.25,29.4197354396,12.0,451.0,76.6104866625,12.0,866.986577181,155.116842152,149.0,397.208053691,157.736134913,50.0,85.0,7.0,1.0,6.0,,935.133333333,41.3873840144,30.0,413.366666667,86.8982099291,30.0
"Deletion::4:172,141,538-172,141,630(92)",HG003_hs37d5_2x250,901.636363636,24.9007949025,22.0,459.0,90.6712342878,22.0,875.631578947,140.441702442,133.0,395.172932331,136.205478966,42.0,80.0,1.0,,9.0,1.0,932.0,25.4732975661,9.0,491.777777778,134.211092254,9.0
"Deletion::4:172,141,538-172,141,630(92)",HG004_hs37d5_2x250,899.307692308,24.0716386435,13.0,431.538461538,72.3374734088,13.0,866.723404255,152.065033978,141.0,402.368794326,164.134498185,56.0,80.0,3.0,,2.0,,939.516129032,30.7485860863,31.0,440.322580645,94.6018437714,31.0
"Insertion::4:173,176,433-173,176,488;len=1",HG002_hs37d5_2x250,988.53125,7.21103483818,32.0,441.09375,93.4131814089,32.0,,897.206703911,159.672628634,179.0,395.391061453,150.282204288,34.0,126.0,12.0,7.0,,993.826086957,9.03929669212,23.0,420.565217391,83.0289766532,23.0
"Insertion::4:173,176,433-173,176,488;len=1",HG003_hs37d5_2x250,985.357142857,6.78872113832,14.0,470.357142857,82.396781441,14.0,,917.234899329,134.257760165,149.0,385.563758389,120.539242664,28.0,111.0,7.0,3.0,,993.333333333,7.97217382873,24.0,421.083333333,68.6645934153,24.0
"Insertion::4:173,176,433-173,176,488;len=1",HG004_hs37d5_2x250,986.318181818,10.36772248,66.0,415.257575758,76.6695606712,65.0,1.0,905.029069767,135.175356711,172.0,376.889534884,115.198284597,37.0,121.0,8.0,5.0,1.0,,,,,,
"Deletion::4:175,186,376-175,186,438(62)",HG002_hs37d5_2x250,980.407407407,8.89760375257,54.0,433.759259259,85.9366552209,54.0,888.157635468,139.695004789,203.0,401.320197044,167.318907137,65.0,121.0,7.0,7.0,3.0,984.19047619,24.1278717464,21.0,485.380952381,117.801477956,21.0
"Deletion::4:175,186,376-175,186,438(62)",HG003_hs37d5_2x250,971.071428571,23.5992260337,14.0,394.785714286,65.1209627994,14.0,866.018987342,151.426109796,158.0,391.227848101,183.896190403,52.0,91.0,11.0,4.0,,987.84375,15.974803158,32.0,431.8125,93.8787241272,32.0
"Deletion::4:175,186,376-175,186,438(62)",HG004_hs37d5_2x250,981.35,9.45132265876,40.0,409.15,72.4767376473,40.0,871.037735849,156.876223563,159.0,382.955974843,141.794489692,53.0,91.0,5.0,6.0,4.0,993.636363636,11.4675251136,11.0,453.0,67.8809117633,11.0
"Insertion::4:176,964,757-176,964,781;len=1",HG002_hs37d5_2x250,973.23255814,20.4835012556,43.0,450.11627907,94.6529055322,43.0,857.853503185,170.424266957,157.0,384.751592357,120.107311681,52.0,,92.0,7.0,2.0,4.0
"Insertion::4:176,964,757-176,964,781;len=1",HG003_hs37d5_2x250,971.593220339,24.2439009587,59.0,413.406779661,76.2353889628,59.0,894.647435897,140.365950492,156.0,362.634615385,92.5539403737,32.0,1.0,105.0,4.0,13.0,1.0
"Insertion::4:176,964,757-176,964,781;len=1",HG004_hs37d5_2x250,977.5,16.2182800782,46.0,405.717391304,72.954918493,46.0,888.586826347,149.044873101,167.0,409.934131737,116.089999039,34.0,,118.0,10.0,4.0,1.0
"Insertion::4:182,722,802-182,722,835;len=1",HG002_hs37d5_2x250,983.923076923,14.7828462881,26.0,451.076923077,71.4648504656,26.0,903.028089888,142.926571459,178.0,421.320224719,231.186786042,51.0,122.0,1.0,1.0,2.0,1.0,960.590909091,33.1260116016,22.0,408.045454545,54.4930998741,22.0
"Insertion::4:182,722,802-182,722,835;len=1",HG003_hs37d5_2x250,,,,,,,900.082191781,125.41795915,146.0,400.945205479,184.595810992,46.0,86.0,3.0,2.0,7.0,2.0,945.0,36.9893298982,38.0,413.973684211,81.9667733845,38.0
"Insertion::4:182,722,802-182,722,835;len=1",HG004_hs37d5_2x250,987.272727273,9.52595410722,55.0,413.909090909,73.4399625488,55.0,900.566878981,145.528611405,157.0,440.834394904,249.431196163,45.0,105.0,2.0,,3.0,2.0,,,,,,
"Insertion::4:183,892,037-183,892,082;len=1",HG002_hs37d5_2x250,904.0,10.0,7.0,438.857142857,82.7274847599,7.0,856.816831683,150.557646977,202.0,399.836633663,124.252569528,97.0,100.0,3.0,2.0,,923.4,31.9912488034,10.0,491.6,94.2095536557,10.0
"Insertion::4:183,892,037-183,892,082;len=1",HG003_hs37d5_2x250,904.0,0.0,1.0,524.0,0.0,1.0,865.503448276,127.644178069,145.0,391.268965517,124.036827411,66.0,70.0,3.0,4.0,2.0,927.214285714,32.7450728495,28.0,411.642857143,107.898833002,28.0
"Insertion::4:183,892,037-183,892,082;len=1",HG004_hs37d5_2x250,914.333333333,14.0079342596,3.0,363.333333333,16.7398393727,3.0,847.875,145.396859921,160.0,402.30625,172.500579596,75.0,74.0,7.0,3.0,1.0,926.909090909,27.910423421,11.0,441.272727273,104.187846883,11.0
"Deletion::4:190,191,600-190,200,463(8863)",HG002_hs37d5_2x250,981.388888889,6.29937288668,18.0,441.5,98.53834561,17.0,1.0,867.362244898,145.709721228,196.0,872.464285714,1979.90016852,64.0,93.0,19.0,14.0,5.0,1.0,987.567619048,21.0225660852,525.0,417.973333333,85.8317693061,525.0
"Deletion::4:190,191,600-190,200,463(8863)",HG003_hs37d5_2x250,971.952380952,18.5907713677,42.0,414.928571429,60.8089877666,40.0,2.0,906.374193548,138.083525372,155.0,763.206451613,1749.72005391,33.0,107.0,7.0,,8.0,,,,,,,
"Deletion::4:190,191,600-190,200,463(8863)",HG004_hs37d5_2x250,977.75,9.90475475046,24.0,448.708333333,90.8324827942,22.0,2.0,878.473029046,142.364707191,241.0,743.34439834,1639.67263003,76.0,120.0,21.0,17.0,6.0,1.0,987.673684211,20.107417906,475.0,422.221052632,92.8469911592,475.0
"Insertion::4:191,038,447-191,038,837;len=1",HG002_hs37d5_2x250,981.0,1.63299316186,3.0,359.0,34.4093010682,3.0,732.358024691,176.642612523,162.0,480.209876543,406.549519133,86.0,42.0,25.0,3.0,6.0,972.309734513,28.3308767567,113.0,409.734513274,79.0855946852,113.0
"Insertion::4:191,038,447-191,038,837;len=1",HG003_hs37d5_2x250,,,,,,,783.136690647,169.751625645,139.0,422.446043165,345.155166288,71.0,51.0,10.0,1.0,6.0,975.968421053,27.3636149626,95.0,383.336842105,81.0648357183,95.0
"Insertion::4:191,038,447-191,038,837;len=1",HG004_hs37d5_2x250,976.75,6.57171971405,4.0,327.75,18.6329680942,4.0,772.584541063,174.481236212,207.0,491.1352657,425.021660218,108.0,67.0,23.0,2.0,7.0,981.338983051,24.4392086819,59.0,423.118644068,96.1152353478,59.0
"Insertion::5:196,752-196,837;len=1",HG002_hs37d5_2x250,923.216216216,32.7060083208,37.0,451.405405405,101.940751064,36.0,1.0,875.537735849,141.023460816,212.0,402.778301887,170.473709866,64.0,136.0,4.0,7.0,1.0,940.0,0.0,1.0,633.0,0.0,1.0
"Insertion::5:196,752-196,837;len=1",HG003_hs37d5_2x250,935.214285714,29.7061286881,14.0,457.285714286,53.2197983722,14.0,,867.993006993,150.577048396,143.0,425.552447552,228.495801198,47.0,85.0,5.0,6.0,,919.5,42.1337157156,4.0,419.5,69.622194737,4.0
"Insertion::5:196,752-196,837;len=1",HG004_hs37d5_2x250,920.111111111,34.096087897,36.0,439.388888889,96.8278190564,36.0,,859.273195876,157.679639342,194.0,451.639175258,237.571136848,67.0,113.0,10.0,3.0,1.0,990.0,0.0,1.0,527.0,0.0,1.0
"Insertion::5:1,797,162-1,797,190;len=1",HG002_hs37d5_2x250,972.666666667,25.5816774708,30.0,406.933333333,64.9948374018,30.0,895.710659898,153.398596735,197.0,423.604060914,177.677817085,52.0,131.0,7.0,3.0,4.0,985.911764706,20.8134114668,34.0,421.617647059,88.2009786213,34.0
"Insertion::5:1,797,162-1,797,190;len=1",HG003_hs37d5_2x250,974.166666667,15.5286473619,18.0,381.277777778,68.5239662499,18.0,882.877419355,151.940622336,155.0,417.490322581,188.6791907,47.0,101.0,3.0,3.0,1.0,985.333333333,20.5285708763,30.0,405.433333333,77.6606650042,30.0
"Insertion::5:1,797,162-1,797,190;len=1",HG004_hs37d5_2x250,976.295081967,14.162226673,61.0,425.950819672,73.8142165501,61.0,891.945945946,139.485094805,148.0,409.418918919,200.886380873,39.0,97.0,3.0,6.0,3.0,987.0,7.81024967591,4.0,448.5,103.779814993,4.0
"Deletion::5:3,001,341-3,001,449(108)",HG002_hs37d5_2x250,977.815789474,12.3711363201,38.0,465.131578947,73.9285469585,37.0,1.0,888.333333333,149.223933142,150.0,405.806666667,162.77516996,38.0,98.0,8.0,,3.0,3.0,982.0,9.16515138991,4.0,453.25,123.536178911,4.0
"Deletion::5:3,001,341-3,001,449(108)",HG003_hs37d5_2x250,972.666666667,10.3628610378,12.0,427.333333333,54.4308940054,12.0,,875.321917808,160.106939217,146.0,411.356164384,195.841693818,47.0,91.0,3.0,,4.0,1.0,979.466666667,25.0103089856,30.0,423.733333333,96.7725626864,30.0
"Deletion::5:3,001,341-3,001,449(108)",HG004_hs37d5_2x250,975.625,10.970842037,16.0,432.25,62.1585673902,16.0,,900.421052632,140.365665613,152.0,404.605263158,170.847352532,33.0,106.0,5.0,1.0,6.0,1.0,977.268292683,19.6382210588,41.0,423.195121951,77.5541414384,41.0
"Insertion::5:3,089,593-3,089,619;len=1",HG002_hs37d5_2x250,977.333333333,12.5559067236,21.0,411.952380952,89.0310144947,21.0,889.375,148.19922635,152.0,405.565789474,167.154264987,39.0,101.0,6.0,3.0,3.0,992.945945946,9.74525787921,37.0,417.864864865,57.3095728819,37.0
"Insertion::5:3,089,593-3,089,619;len=1",HG003_hs37d5_2x250,974.666666667,23.3820919129,12.0,427.0,80.3056660517,12.0,909.484615385,126.478592571,130.0,413.792307692,205.388850576,30.0,94.0,4.0,2.0,,986.260869565,21.3891833519,23.0,424.869565217,86.3618798494,23.0
"Insertion::5:3,089,593-3,089,619;len=1",HG004_hs37d5_2x250,975.540540541,7.95458254666,37.0,432.0,83.8231729555,37.0,901.554216867,139.615500659,166.0,406.548192771,175.5507189,31.0,126.0,4.0,3.0,2.0,976.0,12.2065556157,8.0,434.375,64.9055804612,8.0
"Insertion::5:6,424,978-6,425,012;len=1",HG002_hs37d5_2x250,979.526315789,10.7059669592,38.0,431.973684211,90.3424732082,38.0,901.07027027,146.814353936,185.0,380.789189189,106.700459189,49.0,124.0,3.0,7.0,2.0,990.0,0.0,2.0,436.0,35.0,2.0
"Insertion::5:6,424,978-6,425,012;len=1",HG003_hs37d5_2x250,953.769230769,23.4853599116,13.0,385.076923077,87.0653702584,13.0,893.529801325,151.640731215,151.0,388.503311258,128.038998311,33.0,99.0,7.0,12.0,,976.540540541,19.2727150566,37.0,442.054054054,75.6060007435,37.0
"Insertion::5:6,424,978-6,425,012;len=1",HG004_hs37d5_2x250,976.454545455,13.0374539927,22.0,415.863636364,98.1905825213,22.0,892.81865285,157.563551663,193.0,400.632124352,139.319643673,51.0,127.0,9.0,4.0,2.0,963.607142857,35.1296977395,28.0,427.0,72.8854286829,28.0
"Insertion::5:7,847,570-7,847,593;len=1",HG002_hs37d5_2x250,981.965517241,8.0493424817,29.0,421.931034483,80.7439251625,29.0,894.391566265,151.384365751,166.0,421.048192771,179.945701557,46.0,111.0,5.0,4.0,,987.0,9.22141435782,29.0,447.137931034,92.4735653329,29.0
"Insertion::5:7,847,570-7,847,593;len=1",HG003_hs37d5_2x250,,,,,,,901.390977444,147.139636742,133.0,428.759398496,211.058633138,26.0,89.0,8.0,9.0,1.0,988.735294118,7.27529592497,68.0,417.308823529,76.7030671511,68.0
"Insertion::5:7,847,570-7,847,593;len=1",HG004_hs37d5_2x250,980.8,8.27002619907,60.0,433.5,78.6482676224,60.0,891.506329114,157.458805014,158.0,445.430379747,208.240317814,39.0,102.0,11.0,3.0,3.0,997.0,1.0,2.0,336.0,26.0,2.0
"Insertion::5:8,917,715-8,917,758;len=1",HG002_hs37d5_2x250,980.833333333,27.7543790339,24.0,407.583333333,74.6803837846,24.0,891.850299401,118.977108891,167.0,378.910179641,93.4604739758,54.0,101.0,8.0,,4.0,,986.516129032,11.381566783,31.0,404.548387097,76.2440219591,31.0
"Insertion::5:8,917,715-8,917,758;len=1",HG003_hs37d5_2x250,,,,,,,896.111111111,126.818668115,153.0,367.098039216,83.2810631918,42.0,99.0,8.0,1.0,3.0,,987.717391304,11.4828095401,46.0,407.804347826,73.3205053367,46.0
"Insertion::5:8,917,715-8,917,758;len=1",HG004_hs37d5_2x250,980.631578947,19.5049535579,19.0,408.736842105,76.8449170358,19.0,893.345679012,128.392065492,162.0,364.191358025,82.0893471345,53.0,99.0,4.0,1.0,4.0,1.0,986.653846154,11.9516407232,26.0,421.807692308,91.0950556924,26.0
"Insertion::5:16,525,366-16,525,420;len=1",HG002_hs37d5_2x250,935.678571429,38.9092842129,28.0,430.928571429,74.7376022071,28.0,841.10738255,146.221590641,149.0,422.798657718,188.054218223,62.0,65.0,18.0,2.0,2.0,879.0,0.0,1.0,382.0,0.0,1.0
"Insertion::5:16,525,366-16,525,420;len=1",HG003_hs37d5_2x250,949.181818182,36.5558555981,11.0,424.909090909,95.360993117,11.0,885.290076336,120.695091734,131.0,366.709923664,93.3686356078,43.0,74.0,7.0,7.0,,968.333333333,35.6939148253,12.0,426.916666667,100.736833989,12.0
"Insertion::5:16,525,366-16,525,420;len=1",HG004_hs37d5_2x250,950.733333333,39.6895732179,15.0,426.6,63.7105956651,15.0,855.643902439,147.693172471,205.0,392.214634146,129.165096775,79.0,103.0,15.0,6.0,2.0,960.866666667,40.5115072815,15.0,424.666666667,77.8602737102,15.0
"Insertion::5:20,360,184-20,360,216;len=1",HG002_hs37d5_2x250,982.625,9.88606974485,48.0,418.666666667,78.0689687961,48.0,907.43315508,145.580268291,187.0,406.213903743,173.774447268,36.0,131.0,10.0,8.0,2.0,981.875,25.3497411229,8.0,419.375,61.2330333644,8.0
"Insertion::5:20,360,184-20,360,216;len=1",HG003_hs37d5_2x250,977.392857143,12.4909661233,28.0,403.142857143,61.3908522069,28.0,909.5,144.647006514,154.0,423.24025974,223.269014117,31.0,106.0,6.0,11.0,,991.272727273,6.32586191168,11.0,418.090909091,84.2339324257,11.0
"Insertion::5:20,360,184-20,360,216;len=1",HG004_hs37d5_2x250,982.456140351,8.7960720409,57.0,428.140350877,85.0602343021,57.0,907.254143646,142.10812764,181.0,414.977900552,200.825532588,35.0,127.0,9.0,9.0,1.0,996.777777778,3.18948890987,9.0,398.888888889,83.4698141638,9.0
"Deletion::5:20,501,651-20,501,687(36)",HG002_hs37d5_2x250,911.142857143,30.9181495693,21.0,424.095238095,87.8889476566,21.0,861.582822086,166.466371849,163.0,422.09202454,202.86690036,58.0,92.0,8.0,4.0,1.0,965.037037037,28.7665977616,27.0,430.888888889,78.2414749034,27.0
"Deletion::5:20,501,651-20,501,687(36)",HG003_hs37d5_2x250,932.5,11.9408263254,6.0,461.833333333,97.4430032834,6.0,904.388888889,138.441980984,144.0,371.5625,113.80219918,34.0,101.0,3.0,6.0,,939.666666667,32.7767823362,21.0,414.571428571,66.1488735308,21.0
"Deletion::5:20,501,651-20,501,687(36)",HG004_hs37d5_2x250,921.941176471,22.7763308212,17.0,424.411764706,48.4404532251,17.0,896.81875,138.00474955,160.0,378.31875,93.71995331,45.0,104.0,4.0,6.0,1.0,957.590909091,39.7087797607,22.0,422.5,87.3918812539,22.0
"Deletion::5:21,651,568-21,651,891(323)",HG002_hs37d5_2x250,986.962962963,9.3273055197,27.0,423.407407407,63.9121267455,26.0,1.0,850.543010753,160.224207089,186.0,421.521505376,227.022598633,65.0,99.0,17.0,1.0,2.0,2.0,983.631578947,23.6336302005,19.0,441.210526316,101.756975164,19.0
"Deletion::5:21,651,568-21,651,891(323)",HG003_hs37d5_2x250,986.6875,4.34048888375,16.0,380.1875,84.8161384629,15.0,1.0,866.24137931,141.378514155,174.0,411.936781609,263.397587512,64.0,92.0,6.0,2.0,8.0,2.0,975.8,42.0225336377,15.0,414.0,75.4709657197,15.0
"Deletion::5:21,651,568-21,651,891(323)",HG004_hs37d5_2x250,985.272727273,8.38928872368,22.0,431.590909091,73.5870906977,22.0,,864.058064516,146.932121204,155.0,403.174193548,167.198824984,51.0,86.0,15.0,,3.0,,979.0,36.0928753658,23.0,417.434782609,102.278743632,23.0
"Insertion::5:26,228,775-26,228,853;len=1",HG002_hs37d5_2x250,946.333333333,40.4575680784,27.0,396.962962963,82.7868666814,27.0,852.035502959,147.147669398,169.0,416.591715976,187.698909537,68.0,97.0,1.0,3.0,,971.777777778,36.8744951838,9.0,433.111111111,94.0690579007,9.0
"Insertion::5:26,228,775-26,228,853;len=1",HG003_hs37d5_2x250,958.333333333,24.9544028625,12.0,463.166666667,68.2420121496,12.0,887.420289855,110.993916245,138.0,392.326086957,123.363264859,41.0,84.0,1.0,11.0,1.0,959.333333333,12.9185482501,3.0,517.0,85.6193124632,3.0
"Insertion::5:26,228,775-26,228,853;len=1",HG004_hs37d5_2x250,955.714285714,33.8070756994,14.0,410.428571429,56.4455670608,14.0,868.0,137.69591685,145.0,414.551724138,172.874278856,47.0,89.0,2.0,6.0,1.0,944.5,44.5,2.0,486.5,95.5,2.0
"Insertion::5:26,653,902-26,653,967;len=1",HG002_hs37d5_2x250,985.210526316,5.51150898593,19.0,415.736842105,58.4166902117,19.0,900.270588235,140.947623834,170.0,384.611764706,110.619336052,49.0,109.0,4.0,5.0,3.0,994.129032258,9.0008671105,31.0,412.225806452,78.0689148321,31.0
"Insertion::5:26,653,902-26,653,967;len=1",HG003_hs37d5_2x250,983.75,14.1734787543,20.0,422.95,73.4870566835,20.0,896.583333333,145.478210472,156.0,356.717948718,92.5315465868,45.0,100.0,6.0,4.0,1.0,993.833333333,6.34866565158,24.0,403.083333333,58.3858691999,24.0
"Insertion::5:26,653,902-26,653,967;len=1",HG004_hs37d5_2x250,983.296296296,9.36033718455,27.0,424.555555556,77.5620818649,27.0,890.877300613,156.961828543,163.0,375.705521472,100.530490599,46.0,106.0,5.0,6.0,,990.266666667,15.4184593552,30.0,459.366666667,77.4448118914,30.0
"Insertion::5:26,875,560-26,875,582;len=1",HG002_hs37d5_2x250,943.5,19.1811539451,6.0,430.666666667,75.1790455439,6.0,,862.364130435,149.88844771,184.0,414.222826087,165.12103374,77.0,99.0,4.0,4.0,,930.6,43.0051159747,5.0,493.0,107.66615067,5.0
"Insertion::5:26,875,560-26,875,582;len=1",HG003_hs37d5_2x250,931.0,32.0,2.0,504.5,24.5,2.0,,882.153333333,135.097087887,150.0,386.24,123.859096288,55.0,85.0,4.0,5.0,1.0,974.0,0.0,1.0,437.0,0.0,1.0
"Insertion::5:26,875,560-26,875,582;len=1",HG004_hs37d5_2x250,934.909090909,28.9622153392,11.0,477.363636364,123.720559567,10.0,1.0,889.430769231,134.86752884,195.0,401.794871795,150.357826105,73.0,115.0,2.0,4.0,1.0,939.777777778,43.2326465578,9.0,476.111111111,99.7178736285,9.0
"Deletion::5:28,309,317-28,309,494(177)",HG002_hs37d5_2x250,985.961538462,5.55033449602,26.0,409.846153846,63.3334838574,26.0,,910.764367816,139.196820446,174.0,403.16091954,147.921995098,27.0,121.0,19.0,,7.0,993.172413793,9.34609992611,58.0,420.844827586,77.3326450504,58.0
"Deletion::5:28,309,317-28,309,494(177)",HG003_hs37d5_2x250,,,,,,,,904.074380165,143.835602053,121.0,408.396694215,172.533790167,19.0,80.0,13.0,1.0,8.0,993.28,9.33175224703,75.0,419.066666667,86.5745664474,75.0
"Deletion::5:28,309,317-28,309,494(177)",HG004_hs37d5_2x250,981.222222222,27.0812677275,36.0,418.694444444,84.7564548327,35.0,1.0,901.326923077,144.297631938,208.0,385.225961538,118.982108784,45.0,141.0,16.0,1.0,5.0,992.588235294,10.3339844272,51.0,415.980392157,83.1486951063,51.0
"Insertion::5:28,813,576-28,813,830;len=1",HG002_hs37d5_2x250,972.789473684,14.6990115936,19.0,420.789473684,68.6245152968,19.0,,882.248322148,133.402248154,149.0,394.590604027,178.283764968,54.0,85.0,5.0,3.0,2.0,,986.339285714,21.8544509897,56.0,410.357142857,79.3834339887,56.0
"Insertion::5:28,813,576-28,813,830;len=1",HG003_hs37d5_2x250,963.47826087,16.6390571567,23.0,411.086956522,81.7024894749,23.0,,848.935714286,148.176738618,140.0,416.092857143,204.185486277,54.0,70.0,11.0,,5.0,,987.428571429,19.5510843167,28.0,416.392857143,70.2522695544,28.0
"Insertion::5:28,813,576-28,813,830;len=1",HG004_hs37d5_2x250,969.259259259,19.8635951999,27.0,421.333333333,89.8014270282,26.0,1.0,854.137724551,146.480299146,167.0,439.005988024,253.954201562,60.0,82.0,13.0,,10.0,2.0,991.918918919,14.9600881237,37.0,393.621621622,77.0911539607,37.0
"Insertion::5:34,855,249-34,855,360;len=1",HG002_hs37d5_2x250,973.352941176,18.0910805988,17.0,432.470588235,75.4423173862,17.0,877.973684211,164.918438668,152.0,423.618421053,210.531937014,36.0,98.0,14.0,1.0,3.0,,980.880952381,20.5475086903,42.0,430.357142857,82.4672579843,42.0
"Insertion::5:34,855,249-34,855,360;len=1",HG003_hs37d5_2x250,979.176470588,12.0793226053,17.0,425.470588235,45.3679306884,17.0,897.790697674,151.626257898,129.0,419.255813953,207.225087489,29.0,88.0,5.0,3.0,4.0,,967.962962963,26.0675496888,27.0,445.666666667,63.9918976353,27.0
"Insertion::5:34,855,249-34,855,360;len=1",HG004_hs37d5_2x250,,,,,,,881.454545455,153.345509672,154.0,426.876623377,266.264523485,46.0,89.0,5.0,2.0,10.0,2.0,967.607843137,32.4364104487,51.0,438.921568627,86.3515030779,51.0
