"chrom","start","end","id","SVtype","HG002","HG003","HG004"
1,10403,10441,1,"Deletion",-1,-1,-1
1,10415,10441,2,"Deletion",-1,-1,-1
1,10616,10638,3,"Deletion",-1,-1,-1
1,10616,10638,4,"Deletion",-1,-1,-1
1,54720,54721,5,"Insertion",2,1,NA
1,66442,66441,6,"Insertion",-1,-1,-1
1,167195,167196,7,"Insertion",-1,-1,-1
1,167195,167196,8,"Insertion",-1,-1,-1
1,536073,536074,10,"Insertion",0,-1,0
1,537701,537702,11,"Insertion",-1,-1,-1
1,543121,546074,12,"Deletion",0,0,0
1,546141,546142,13,"Insertion",0,-1,0
1,546728,547454,14,"Deletion",0,-1,0
1,747408,747410,15,"Insertion",0,0,0
1,756268,756310,16,"Insertion",-1,-1,-1
1,757807,757843,17,"Deletion",2,-1,-1
1,757807,757843,18,"Deletion",2,-1,-1
1,757843,757879,19,"Deletion",2,-1,-1
1,774837,774880,20,"Deletion",-1,-1,-1
1,774895,774924,21,"Deletion",-1,-1,-1
1,788810,788811,22,"Insertion",-1,0,-1
1,788945,789141,23,"Deletion",-1,-1,-1
1,789207,789208,24,"Insertion",-1,-1,-1
1,801957,802007,25,"Deletion",-1,-1,-1
1,801974,802023,26,"Deletion",-1,-1,-1
1,802267,802268,27,"Insertion",-1,-1,-1
1,802370,802371,28,"Insertion",-1,-1,-1
1,811216,811812,29,"Insertion",0,-1,0
1,811296,811340,30,"Deletion",-1,-1,-1
1,811375,811440,31,"Insertion",-1,-1,-1
1,811407,811408,32,"Insertion",-1,-1,-1
1,811579,811681,33,"Insertion",-1,-1,-1
1,811579,811751,34,"Insertion",-1,-1,-1
1,811811,812098,35,"Insertion",0,0,0
1,814762,814763,36,"Insertion",0,0,0
1,821601,821602,37,"Insertion",1,1,1
1,821604,821605,38,"Insertion",1,-1,-1
1,821604,821605,39,"Insertion",1,-1,-1
1,821604,821605,40,"Insertion",1,-1,-1
1,821604,821605,41,"Insertion",1,1,1
1,821633,821634,42,"Insertion",1,1,1
1,823967,824047,43,"Deletion",0,0,0
1,829169,829206,44,"Deletion",2,2,2
1,829169,829206,45,"Deletion",2,2,2
1,829169,829206,46,"Deletion",2,2,2
1,829169,829206,47,"Deletion",2,2,2
1,829170,829206,48,"Deletion",2,2,2
1,829171,829208,49,"Deletion",2,2,2
1,829171,829208,50,"Deletion",2,2,2
1,829171,829208,51,"Deletion",2,2,2
1,843215,843216,52,"Insertion",1,2,0
1,843215,843216,53,"Insertion",1,2,0
1,843215,843216,54,"Insertion",1,2,0
1,843215,843216,55,"Insertion",1,2,0
1,843247,843248,56,"Insertion",1,1,0
1,844057,844104,57,"Deletion",-1,-1,-1
1,844343,844344,58,"Insertion",-1,-1,-1
1,844401,844894,59,"Deletion",-1,-1,-1
1,844615,844973,60,"Insertion",-1,-1,-1
1,844617,844973,61,"Insertion",-1,-1,-1
1,869354,869594,62,"Deletion",-1,-1,-1
1,869444,870285,63,"Deletion",-1,-1,-1
1,869480,870187,64,"Deletion",-1,-1,-1
1,869498,870182,65,"Deletion",-1,-1,-1
1,869498,870182,66,"Deletion",-1,-1,-1
1,869701,870317,67,"Deletion",-1,-1,-1
1,871656,871697,68,"Deletion",1,-1,1
1,871681,871721,69,"Deletion",1,-1,1
1,884079,884080,70,"Insertion",1,1,1
1,884091,884092,71,"Insertion",-1,-1,-1
1,884091,884092,72,"Insertion",-1,-1,-1
1,884091,884092,73,"Insertion",-1,-1,-1
1,884091,884092,74,"Insertion",-1,-1,-1
1,884109,884110,75,"Insertion",1,-1,1
1,884109,884110,76,"Insertion",1,1,1
1,899992,900148,77,"Insertion",-1,-1,-1
1,900118,900194,78,"Deletion",-1,-1,-1
1,900145,900223,79,"Deletion",-1,-1,-1
1,900147,900224,80,"Deletion",-1,-1,-1
1,912066,913552,81,"Deletion",0,0,-1
1,912067,913552,82,"Deletion",0,0,-1
1,912088,912344,83,"Deletion",-1,-1,-1
1,912088,912665,84,"Deletion",-1,-1,-1
1,912443,912444,85,"Insertion",-1,-1,-1
1,912874,913344,86,"Insertion",-1,-1,-1
1,913214,913434,87,"Insertion",-1,-1,-1
1,919991,919992,88,"Insertion",2,2,1
1,919991,919992,89,"Insertion",2,2,1
1,919991,919992,90,"Insertion",2,2,1
1,919994,919995,91,"Insertion",2,2,1
1,919994,919995,92,"Insertion",0,0,0
1,919994,919995,93,"Insertion",0,0,0
1,924199,924200,94,"Insertion",-1,-1,-1
1,924199,924200,95,"Insertion",-1,-1,-1
1,924233,924234,96,"Insertion",-1,-1,-1
1,924233,924234,97,"Insertion",-1,-1,-1
1,924234,924235,98,"Insertion",-1,-1,-1
1,928347,928374,99,"Deletion",-1,-1,-1
1,928347,928374,100,"Deletion",-1,-1,-1
1,928371,928398,101,"Deletion",-1,-1,-1
1,928371,928398,102,"Deletion",-1,-1,-1
1,928519,928521,103,"Insertion",-1,0,0
1,931634,932247,104,"Deletion",0,0,0
1,931676,931731,105,"Insertion",-1,-1,0
1,932243,932245,106,"Insertion",-1,-1,-1
1,934122,934123,107,"Insertion",0,-1,0
1,934123,934124,108,"Insertion",0,0,0
1,934143,934145,109,"Insertion",2,-1,1
1,934144,934145,110,"Insertion",2,-1,1
1,934144,934145,111,"Insertion",2,-1,1
1,934144,934145,112,"Insertion",2,-1,1
1,934144,934145,113,"Insertion",2,-1,1
1,957967,957968,114,"Insertion",2,2,2
1,957967,957968,115,"Insertion",2,2,2
1,957967,957968,116,"Insertion",2,2,2
1,957967,957968,117,"Insertion",2,2,2
1,957967,957968,118,"Insertion",2,2,2
1,957969,957970,119,"Insertion",-1,-1,1
1,957969,957970,120,"Insertion",-1,-1,1
1,964745,964746,121,"Insertion",-1,-1,-1
1,964766,964767,122,"Insertion",-1,-1,-1
1,964766,964767,123,"Insertion",-1,-1,-1
1,966269,966308,124,"Deletion",-1,-1,-1
1,966269,966310,125,"Deletion",-1,-1,-1
1,977156,977204,126,"Deletion",-1,-1,-1
1,977156,977204,127,"Deletion",-1,-1,-1
1,977156,977204,128,"Deletion",1,1,-1
1,977160,977207,129,"Deletion",-1,-1,-1
1,977200,977249,130,"Deletion",1,1,-1
1,984484,984515,131,"Deletion",-1,-1,-1
1,997431,997455,132,"Deletion",2,-1,2
1,997436,997463,133,"Deletion",2,-1,2
1,997436,997463,134,"Deletion",2,-1,2
1,997436,997463,135,"Deletion",2,-1,2
1,997436,997463,136,"Deletion",2,-1,2
1,997436,997463,137,"Deletion",2,-1,2
1,997436,997463,138,"Deletion",2,-1,2
1,1000412,1000619,139,"Deletion",-1,-1,-1
1,1000442,1000664,140,"Insertion",-1,-1,-1
1,1000505,1000506,141,"Insertion",-1,-1,-1
1,1000701,1000703,142,"Insertion",-1,-1,-1
1,1004204,1004205,143,"Insertion",-1,-1,1
1,1004213,1004214,144,"Insertion",1,-1,-1
1,1004213,1004214,145,"Insertion",0,-1,0
1,1004214,1004215,146,"Insertion",0,-1,0
1,1011635,1012156,147,"Deletion",-1,-1,-1
1,1011655,1012440,148,"Deletion",-1,-1,-1
1,1012333,1014020,149,"Deletion",-1,-1,-1
1,1012626,1014386,150,"Deletion",-1,-1,-1
1,1014089,1014515,151,"Insertion",-1,-1,-1
1,1014601,1014602,152,"Insertion",-1,-1,-1
1,1014601,1014722,153,"Deletion",-1,-1,-1
1,1014632,1014633,154,"Insertion",-1,-1,-1
1,1014658,1014809,155,"Deletion",-1,-1,-1
1,1014721,1014722,156,"Insertion",-1,-1,-1
1,1014724,1014807,157,"Insertion",-1,-1,-1
1,1014775,1014807,158,"Insertion",-1,-1,-1
1,1016016,1016409,159,"Deletion",0,0,0
1,1016054,1016409,160,"Deletion",0,0,0
1,1016056,1016057,161,"Insertion",-1,-1,-1
1,1016193,1016350,162,"Insertion",-1,-1,-1
1,1023656,1023694,163,"Deletion",-1,-1,-1
1,1034429,1044497,164,"Deletion",0,0,0
1,1043656,1043747,165,"Deletion",-1,-1,-1
1,1044356,1044357,166,"Insertion",-1,-1,-1
1,1074572,1076060,167,"Deletion",-1,-1,-1
1,1074863,1074976,168,"Insertion",-1,-1,-1
1,1075060,1075483,169,"Insertion",-1,-1,-1
1,1075385,1075386,170,"Insertion",-1,-1,-1
1,1075482,1076740,171,"Deletion",0,0,-1
1,1075512,1075569,172,"Insertion",-1,-1,-1
1,1076825,1076826,173,"Insertion",-1,-1,-1
1,1080927,1080928,174,"Insertion",0,-1,0
1,1088635,1088636,175,"Insertion",-1,-1,-1
1,1092675,1092715,176,"Deletion",-1,-1,-1
1,1092675,1092715,177,"Deletion",-1,-1,-1
1,1099577,1099578,178,"Insertion",0,0,0
1,1103389,1103425,179,"Deletion",1,1,1
1,1103469,1103505,180,"Deletion",1,1,1
1,1120035,1120251,181,"Deletion",0,-1,0
1,1137666,1137667,182,"Insertion",-1,-1,-1
1,1137703,1137704,183,"Insertion",-1,-1,-1
1,1158515,1158516,184,"Insertion",0,0,0
1,1161100,1161130,185,"Deletion",0,0,1
1,1176028,1176029,186,"Insertion",-1,-1,-1
1,1176081,1176082,187,"Insertion",-1,-1,-1
1,1176092,1183435,188,"Insertion",-1,-1,-1
1,1180538,1180539,189,"Insertion",-1,-1,-1
1,1180674,1183435,190,"Insertion",0,0,0
1,1184292,1184293,191,"Insertion",-1,-1,-1
1,1184541,1184542,192,"Insertion",-1,-1,-1
1,1185001,1185002,193,"Insertion",-1,-1,0
1,1206188,1206189,194,"Insertion",0,0,0
1,1223727,1223856,195,"Deletion",-1,-1,-1
1,1224273,1225316,196,"Deletion",-1,-1,-1
1,1229111,1229112,197,"Insertion",1,-1,1
1,1229111,1229112,198,"Insertion",1,-1,1
1,1229111,1229112,199,"Insertion",1,-1,1
1,1251132,1251175,200,"Deletion",-1,-1,-1
1,1259535,1259553,201,"Insertion",-1,-1,-1
1,1259557,1259558,202,"Insertion",-1,-1,-1
1,1259569,1259570,203,"Insertion",-1,-1,-1
1,1259569,1259570,204,"Insertion",-1,-1,-1
1,1275264,1275265,205,"Insertion",-1,-1,-1
1,1275264,1275265,206,"Insertion",-1,-1,-1
1,1275289,1275290,207,"Insertion",-1,-1,-1
1,1275289,1275290,208,"Insertion",-1,-1,-1
1,1285332,1285492,209,"Deletion",-1,-1,-1
1,1285401,1286800,210,"Deletion",-1,-1,-1
1,1285757,1286435,211,"Deletion",-1,-1,-1
1,1285757,1286838,212,"Deletion",-1,-1,-1
1,1285822,1286462,213,"Deletion",-1,-1,-1
1,1286545,1286785,214,"Deletion",-1,-1,-1
1,1317610,1318285,215,"Insertion",0,0,0
1,1317610,1318285,216,"Insertion",0,0,0
1,1317980,1318012,217,"Insertion",-1,-1,-1
1,1362713,1362909,218,"Insertion",-1,-1,-1
1,1362822,1362909,219,"Insertion",-1,-1,-1
1,1362859,1362860,220,"Insertion",-1,-1,-1
1,1362875,1362912,221,"Deletion",-1,-1,-1
1,1363408,1363504,222,"Insertion",-1,-1,-1
1,1378235,1378236,223,"Insertion",1,1,1
1,1378235,1378236,224,"Insertion",1,1,1
1,1378235,1378236,225,"Insertion",1,1,1
1,1378318,1378319,226,"Insertion",1,1,1
1,1378318,1378319,227,"Insertion",1,1,1
1,1397147,1397148,228,"Insertion",0,0,0
1,1413217,1413382,229,"Deletion",0,0,0
1,1413217,1413382,230,"Deletion",0,0,0
1,1413347,1413348,231,"Insertion",1,1,1
1,1478967,1479211,232,"Deletion",0,0,0
1,1479119,1479120,233,"Insertion",-1,0,-1
1,1479144,1479146,234,"Insertion",-1,0,-1
1,1501038,1501039,235,"Insertion",1,0,1
1,1501064,1501065,236,"Insertion",1,0,1
1,1501084,1501085,237,"Insertion",1,0,1
1,1521353,1521354,238,"Insertion",2,2,2
1,1521353,1521354,239,"Insertion",2,2,2
1,1521353,1521354,240,"Insertion",2,2,2
1,1521353,1521354,241,"Insertion",2,2,2
1,1521353,1521354,242,"Insertion",2,2,2
1,1521353,1521354,243,"Insertion",2,2,2
1,1521353,1521354,244,"Insertion",2,2,2
1,1521353,1521354,245,"Insertion",2,2,2
1,1540862,1540943,246,"Deletion",-1,-1,-1
1,1540891,1541526,247,"Deletion",-1,-1,-1
1,1541029,1541050,248,"Deletion",-1,-1,-1
1,1541912,1541933,249,"Deletion",-1,-1,-1
1,1570571,1633791,250,"Deletion",0,0,0
1,1583007,1646240,251,"Deletion",0,0,0
1,1584541,1584542,252,"Insertion",-1,-1,-1
1,1588957,1660826,253,"Deletion",-1,-1,-1
1,1598413,1598580,255,"Deletion",-1,-1,2
1,1598413,1598581,254,"Deletion",-1,-1,-1
1,1598430,1598597,256,"Deletion",2,2,-1
1,1628379,1628407,257,"Deletion",1,1,1
1,1628379,1628407,258,"Deletion",1,1,1
1,1628379,1628407,259,"Deletion",1,1,1
1,1649043,1649094,262,"Deletion",-1,-1,1
1,1649043,1649094,263,"Deletion",-1,-1,1
1,1649043,1649095,260,"Deletion",-1,-1,1
1,1649043,1649095,261,"Deletion",-1,-1,1
1,1649043,1649095,264,"Deletion",1,-1,1
1,1649043,1649095,265,"Deletion",1,-1,1
1,1654004,1654005,266,"Insertion",2,-1,-1
1,1654004,1654005,267,"Insertion",2,-1,-1
1,1654004,1654005,268,"Insertion",2,-1,-1
1,1654004,1654005,269,"Insertion",-1,-1,-1
1,1654005,1654006,270,"Insertion",2,-1,-1
1,1681031,1681085,271,"Deletion",0,0,0
1,1681044,1681045,272,"Insertion",-1,2,2
1,1681051,1681052,273,"Insertion",-1,-1,-1
1,1681067,1681068,274,"Insertion",-1,-1,-1
1,1681084,1681085,275,"Insertion",-1,-1,-1
1,1685921,1685944,276,"Deletion",1,-1,0
1,1685921,1685944,277,"Deletion",1,-1,0
1,1685921,1685944,278,"Deletion",1,-1,0
1,1685921,1685944,279,"Deletion",1,-1,0
1,1685921,1685944,280,"Deletion",1,-1,0
1,1705168,1705169,281,"Insertion",1,2,0
1,1777272,1777300,282,"Deletion",0,0,0
1,1779808,1779809,283,"Insertion",-1,-1,-1
1,1855672,1855673,284,"Insertion",-1,-1,-1
1,1855720,1855722,285,"Insertion",-1,-1,-1
1,1860802,1860893,286,"Insertion",-1,0,-1
1,1860813,1860824,287,"Insertion",-1,-1,-1
1,1860828,1860829,288,"Insertion",-1,-1,-1
1,1860890,1866242,290,"Insertion",1,1,-1
1,1860890,1876562,289,"Insertion",1,1,1
1,1866213,1867035,291,"Deletion",0,0,0
1,1866260,1866261,292,"Insertion",-1,-1,0
1,1866362,1867023,293,"Deletion",1,2,0
1,1869280,1869312,294,"Deletion",1,2,0
1,1869280,1869312,295,"Deletion",1,2,0
1,1869280,1869312,296,"Deletion",1,2,0
1,1869280,1869312,297,"Deletion",1,2,0
1,1869280,1869312,298,"Deletion",1,2,0
1,1869284,1869335,299,"Deletion",1,2,0
1,1880346,1880347,300,"Insertion",-1,-1,-1
1,1880380,1880381,301,"Insertion",-1,-1,-1
1,1880616,1880618,302,"Insertion",-1,-1,-1
1,1886457,1886458,303,"Insertion",1,-1,1
1,1886457,1886458,304,"Insertion",1,-1,1
1,1886519,1886520,305,"Insertion",1,-1,1
1,1886519,1886520,306,"Insertion",1,-1,1
1,1886519,1886520,307,"Insertion",1,-1,1
1,1886527,1886528,308,"Insertion",1,1,1
1,1900374,1900455,309,"Deletion",0,0,1
1,1910956,1910957,310,"Insertion",-1,-1,-1
1,1913276,1913277,311,"Insertion",-1,-1,-1
1,1913286,1913287,312,"Insertion",-1,-1,-1
1,1913324,1913325,313,"Insertion",-1,-1,-1
1,1913404,1913405,314,"Insertion",-1,-1,-1
1,1913518,1913519,315,"Insertion",-1,-1,-1
1,1925143,1925144,316,"Insertion",2,2,2
1,1925143,1925248,317,"Deletion",-1,-1,-1
1,1925143,1925248,318,"Deletion",0,-1,0
1,1925158,1925159,319,"Insertion",-1,-1,-1
1,1937347,1937368,320,"Deletion",-1,-1,2
1,1937347,1937368,321,"Deletion",-1,-1,2
1,1937347,1937368,322,"Deletion",-1,-1,2
1,1937364,1937385,323,"Deletion",2,2,2
1,1937365,1937388,324,"Deletion",-1,-1,-1
1,1950620,1950684,325,"Insertion",-1,-1,-1
1,1950644,1950682,326,"Insertion",-1,-1,-1
1,1950682,1950683,327,"Insertion",-1,-1,-1
1,2002490,2002491,328,"Insertion",1,1,1
1,2002490,2002491,329,"Insertion",1,1,1
1,2002490,2002491,330,"Insertion",1,1,1
1,2002490,2002491,331,"Insertion",1,1,1
1,2002490,2002491,332,"Insertion",1,1,1
1,2002500,2002501,333,"Insertion",1,1,1
1,2017166,2017168,334,"Insertion",-1,-1,-1
1,2017199,2017200,335,"Insertion",0,-1,-1
1,2037908,2038024,336,"Deletion",-1,-1,0
1,2037988,2038045,337,"Deletion",-1,-1,-1
1,2038015,2038249,338,"Deletion",-1,-1,-1
1,2038227,2038387,339,"Deletion",0,0,-1
1,2038235,2038295,340,"Deletion",-1,-1,-1
1,2038236,2038295,341,"Deletion",-1,-1,-1
1,2041555,2041650,342,"Insertion",0,0,0
1,2041556,2041653,343,"Deletion",-1,-1,-1
1,2041597,2041692,344,"Deletion",-1,-1,-1
1,2052952,2053238,345,"Insertion",-1,-1,-1
1,2052958,2052959,346,"Insertion",-1,-1,-1
1,2053259,2055503,347,"Insertion",-1,-1,-1
1,2053307,2055495,348,"Insertion",-1,-1,-1
1,2053493,2055814,349,"Deletion",-1,-1,-1
1,2053553,2053554,350,"Insertion",-1,NA,-1
1,2053782,2053884,351,"Insertion",-1,NA,-1
1,2054404,2054654,352,"Deletion",-1,NA,-1
1,2055075,2055076,353,"Insertion",-1,NA,-1
1,2055257,2055258,354,"Insertion",-1,-1,-1
1,2055661,2055662,355,"Insertion",-1,-1,-1
1,2055855,2055857,356,"Insertion",-1,-1,-1
1,2073760,2073847,357,"Deletion",-1,-1,-1
1,2073838,2073934,358,"Deletion",0,0,-1
1,2078502,2079680,359,"Deletion",0,-1,0
1,2079180,2079195,360,"Insertion",-1,-1,-1
1,2079323,2079324,361,"Insertion",-1,-1,-1
1,2109324,2109325,362,"Insertion",0,0,0
1,2120450,2120451,363,"Insertion",-1,-1,-1
1,2139348,2139369,364,"Deletion",1,-1,0
1,2139348,2139369,365,"Deletion",1,-1,0
1,2139355,2139377,366,"Deletion",1,-1,0
1,2139356,2139377,367,"Deletion",1,-1,0
1,2142879,2143634,368,"Deletion",0,0,0
1,2142880,2143634,369,"Deletion",0,0,0
1,2143167,2143166,370,"Insertion",-1,-1,-1
1,2143613,2143614,371,"Insertion",0,-1,-1
1,2145174,2145175,372,"Insertion",0,0,0
1,2193484,2193555,373,"Deletion",-1,-1,-1
1,2193484,2193555,374,"Deletion",-1,-1,-1
1,2193549,2193619,375,"Deletion",-1,-1,-1
1,2211999,2212434,376,"Insertion",-1,-1,-1
1,2212077,2212336,377,"Deletion",-1,-1,-1
1,2212173,2212217,378,"Deletion",-1,-1,-1
1,2212300,2213448,379,"Insertion",-1,-1,-1
1,2212345,2212653,380,"Insertion",-1,-1,-1
1,2212519,2212756,381,"Insertion",-1,-1,-1
1,2212519,2213645,382,"Deletion",-1,-1,-1
1,2212565,2213126,383,"Deletion",-1,-1,-1
1,2212647,2213358,384,"Deletion",-1,-1,-1
1,2212863,2213121,385,"Deletion",-1,-1,-1
1,2212887,2212888,386,"Insertion",-1,-1,-1
1,2213129,2213130,387,"Insertion",-1,-1,-1
1,2213262,2213899,388,"Deletion",-1,-1,-1
1,2213338,2213339,389,"Insertion",-1,-1,-1
1,2213681,2213983,390,"Deletion",0,0,-1
1,2213820,2213938,391,"Insertion",-1,-1,-1
1,2220941,2220942,392,"Insertion",-1,-1,0
1,2221010,2221011,393,"Insertion",-1,-1,-1
1,2227143,2227167,394,"Deletion",1,0,2
1,2227143,2227167,395,"Deletion",1,0,2
1,2241098,2241314,396,"Deletion",-1,-1,-1
1,2241098,2241314,397,"Deletion",-1,-1,-1
1,2241116,2241155,398,"Deletion",-1,-1,-1
1,2241171,2241235,399,"Deletion",-1,-1,-1
1,2263244,2263245,400,"Insertion",-1,-1,-1
1,2263262,2263295,401,"Deletion",-1,-1,-1
1,2263422,2263423,402,"Insertion",-1,-1,-1
1,2263469,2263470,403,"Insertion",-1,-1,-1
1,2263469,2263470,404,"Insertion",-1,-1,-1
1,2274279,2274280,405,"Insertion",1,1,1
1,2274279,2274280,406,"Insertion",1,1,1
1,2274306,2274307,407,"Insertion",-1,1,2
1,2274308,2274309,408,"Insertion",-1,1,2
1,2298400,2298401,409,"Insertion",0,0,0
1,2324454,2324498,410,"Deletion",0,0,-1
1,2324454,2324498,411,"Deletion",0,0,-1
1,2324473,2324474,412,"Insertion",-1,-1,2
1,2324473,2324474,413,"Insertion",-1,-1,2
1,2324473,2324474,414,"Insertion",-1,-1,2
1,2324473,2324474,415,"Insertion",-1,-1,2
1,2324473,2324474,416,"Insertion",-1,-1,2
1,2324487,2324488,417,"Insertion",2,-1,-1
1,2332641,2332868,418,"Deletion",0,0,0
1,2332641,2332868,419,"Deletion",0,0,0
1,2332786,2332822,420,"Insertion",-1,-1,-1
1,2366893,2366894,421,"Insertion",0,0,0
1,2367866,2367909,422,"Deletion",-1,-1,-1
1,2371829,2372172,423,"Insertion",0,-1,-1
1,2371829,2372172,424,"Insertion",0,0,0
1,2371839,2371840,425,"Insertion",-1,-1,-1
1,2371967,2371999,426,"Insertion",-1,-1,-1
1,2371998,2371999,427,"Insertion",-1,-1,-1
1,2390810,2391081,428,"Insertion",1,1,1
1,2390810,2391081,429,"Insertion",0,0,0
1,2390904,2390953,430,"Deletion",-1,-1,-1
1,2390927,2390975,431,"Deletion",-1,-1,-1
1,2391058,2391091,432,"Deletion",2,1,-1
1,2391058,2391091,433,"Deletion",2,1,-1
1,2391090,2391091,434,"Insertion",-1,-1,-1
1,2415196,2415197,435,"Insertion",1,0,2
1,2415196,2415197,436,"Insertion",1,0,2
1,2415308,2415330,437,"Deletion",-1,-1,-1
1,2415476,2415497,438,"Deletion",-1,-1,0
1,2432229,2432265,439,"Deletion",-1,-1,-1
1,2432244,2432286,440,"Deletion",-1,-1,-1
1,2454128,2454441,441,"Deletion",0,0,0
1,2454128,2454441,442,"Deletion",0,0,0
1,2454244,2454279,443,"Insertion",-1,-1,1
1,2454247,2454279,444,"Insertion",-1,-1,1
1,2523801,2524008,445,"Deletion",-1,-1,-1
1,2523851,2523950,446,"Insertion",-1,-1,-1
1,2523851,2523950,447,"Insertion",-1,-1,-1
1,2523909,2524024,448,"Deletion",-1,-1,-1
1,2533554,2533555,449,"Insertion",1,1,1
1,2533603,2533604,450,"Insertion",1,1,1
1,2533603,2533604,451,"Insertion",0,0,0
1,2533605,2533606,452,"Insertion",1,1,1
1,2566433,2566434,453,"Insertion",-1,-1,-1
1,2566488,2566489,454,"Insertion",-1,-1,-1
1,2566583,2566584,455,"Insertion",-1,-1,-1
1,2580059,2583992,456,"Deletion",0,0,0
1,2583441,2583523,457,"Deletion",-1,-1,-1
1,2583461,2583667,458,"Deletion",-1,-1,-1
1,2583542,2583543,459,"Insertion",-1,-1,-1
1,2583549,2583550,460,"Insertion",-1,-1,-1
1,2583554,2583596,461,"Deletion",-1,-1,-1
1,2583628,2583707,462,"Deletion",-1,-1,-1
1,2583885,2584572,463,"Insertion",-1,-1,-1
1,2584178,2584207,464,"Insertion",-1,-1,-1
1,2584438,2584439,465,"Insertion",-1,-1,-1
1,2584575,2584837,466,"Insertion",-1,-1,-1
1,2584603,2585350,467,"Insertion",-1,-1,-1
1,2584949,2585971,468,"Deletion",0,-1,-1
1,2584955,2585148,469,"Insertion",-1,-1,-1
1,2585089,2585090,470,"Insertion",-1,-1,-1
1,2585303,2585304,471,"Insertion",-1,-1,-1
1,2585306,2585489,472,"Insertion",0,-1,-1
1,2585635,2586299,473,"Insertion",-1,-1,-1
1,2585750,2587776,474,"Insertion",-1,-1,-1
1,2585804,2585968,475,"Deletion",-1,-1,-1
1,2586090,2586270,476,"Deletion",0,-1,-1
1,2586216,2586217,477,"Insertion",0,-1,-1
1,2586444,2586724,478,"Deletion",-1,-1,-1
1,2586640,2591053,479,"Deletion",-1,-1,-1
1,2586753,2588090,480,"Insertion",-1,-1,-1
1,2587849,2587850,481,"Insertion",-1,-1,-1
1,2587854,2588014,483,"Insertion",-1,-1,-1
1,2587854,2589199,482,"Insertion",-1,-1,-1
1,2588070,2588740,484,"Insertion",-1,-1,-1
1,2588302,2589143,485,"Insertion",-1,-1,-1
1,2588780,2590625,486,"Insertion",-1,-1,0
1,2588898,2589341,487,"Insertion",-1,-1,-1
1,2589106,2589582,488,"Deletion",-1,-1,-1
1,2589390,2591631,489,"Deletion",-1,-1,-1
1,2589496,2589696,490,"Deletion",-1,-1,-1
1,2589820,2590759,491,"Insertion",-1,-1,-1
1,2589942,2589984,492,"Deletion",-1,-1,-1
1,2590071,2590112,493,"Deletion",-1,-1,-1
1,2590226,2590506,494,"Deletion",-1,-1,-1
1,2590833,2591707,495,"Insertion",-1,-1,-1
1,2590885,2592450,496,"Deletion",-1,-1,-1
1,2590915,2591529,497,"Insertion",-1,-1,-1
1,2591170,2591793,498,"Deletion",-1,-1,-1
1,2591964,2592433,499,"Insertion",-1,-1,-1
1,2591991,2591992,500,"Insertion",-1,-1,-1
1,2591993,2591994,501,"Insertion",-1,-1,-1
1,2592068,2592838,502,"Insertion",-1,-1,-1
1,2592231,2594495,503,"Deletion",-1,-1,-1
1,2592245,2593340,505,"Insertion",-1,-1,-1
1,2592661,2593318,506,"Deletion",-1,-1,-1
1,2592946,2596157,507,"Deletion",-1,-1,-1
1,2593297,2594660,508,"Insertion",-1,-1,-1
1,2593453,2593494,509,"Deletion",-1,-1,-1
1,2593877,2593939,510,"Insertion",-1,-1,-1
1,2593989,2594687,511,"Deletion",-1,-1,-1
1,2594115,2594459,512,"Deletion",-1,-1,-1
1,2594555,2595335,513,"Insertion",-1,-1,-1
1,2595642,2597031,519,"Deletion",-1,NA,NA
1,2596822,2599736,522,"Deletion",-1,NA,NA
1,2596997,2597448,523,"Insertion",-1,NA,NA
1,2597336,2597885,524,"Deletion",-1,NA,NA
1,2597848,2599646,525,"Insertion",-1,NA,NA
1,2598112,2600758,526,"Insertion",-1,NA,NA
1,2601025,2604431,530,"Insertion",-1,-1,-1
1,2601575,2602973,534,"Insertion",-1,-1,-1
1,2603230,2603231,535,"Insertion",-1,-1,-1
1,2604481,2604522,536,"Deletion",NA,-1,-1
1,2604911,2605853,537,"Insertion",-1,-1,-1
1,2605038,2605039,538,"Insertion",-1,-1,-1
1,2606136,2606439,539,"Insertion",-1,-1,-1
1,2606545,2606586,540,"Deletion",2,2,2
1,2606545,2606586,541,"Deletion",2,2,2
1,2606562,2606563,542,"Insertion",-1,-1,-1
1,2606562,2606563,543,"Insertion",-1,-1,-1
1,2606562,2606586,544,"Insertion",0,-1,0
1,2606721,2609278,545,"Deletion",-1,-1,-1
1,2607035,2607076,546,"Deletion",-1,-1,-1
1,2608348,2608423,547,"Insertion",-1,-1,-1
1,2608981,2609111,548,"Insertion",-1,-1,-1
1,2609347,2610623,549,"Insertion",-1,-1,-1
1,2609403,2609938,550,"Deletion",-1,-1,-1
1,2610060,2615434,551,"Insertion",0,0,-1
1,2611616,2611983,554,"Insertion",-1,-1,-1
1,2611619,2612830,555,"Insertion",-1,-1,-1
1,2611894,2612486,556,"Deletion",-1,-1,-1
1,2612418,2612419,557,"Insertion",-1,-1,-1
1,2612912,2615482,558,"Insertion",0,0,-1
1,2612939,2613098,559,"Deletion",-1,-1,-1
1,2613172,2615030,560,"Deletion",-1,-1,-1
1,2613267,2613462,561,"Deletion",-1,-1,-1
1,2614010,2617968,562,"Insertion",0,-1,-1
1,2615114,2629049,563,"Deletion",0,0,0
1,2615411,2615444,564,"Insertion",-1,-1,-1
1,2615647,2615684,565,"Insertion",-1,-1,-1
1,2615748,2615749,566,"Insertion",-1,-1,-1
1,2615809,2617973,567,"Deletion",0,-1,-1
1,2616037,2617383,568,"Deletion",-1,0,-1
1,2616660,2616661,569,"Insertion",-1,-1,-1
1,2616660,2616661,570,"Insertion",-1,-1,-1
1,2617786,2619043,571,"Insertion",-1,-1,-1
1,2618191,2618192,572,"Insertion",-1,-1,-1
1,2618207,2618337,573,"Insertion",-1,-1,-1
1,2618405,2618406,574,"Insertion",-1,-1,-1
1,2618579,2620483,575,"Deletion",0,0,-1
1,2618733,2619181,576,"Insertion",-1,-1,-1
1,2619274,2621762,577,"Deletion",0,-1,-1
1,2619585,2621735,578,"Insertion",-1,-1,-1
1,2620771,2626967,579,"Deletion",0,0,0
1,2620804,2621274,580,"Deletion",-1,-1,-1
1,2621436,2621577,581,"Deletion",-1,-1,-1
1,2621696,2621697,582,"Insertion",-1,-1,-1
1,2621931,2623904,583,"Deletion",-1,-1,-1
1,2622033,2623971,584,"Insertion",-1,-1,-1
1,2622145,2623574,585,"Insertion",-1,-1,-1
1,2622688,2622769,586,"Deletion",-1,-1,-1
1,2623767,2624529,587,"Deletion",-1,-1,-1
1,2623952,2624670,588,"Insertion",-1,-1,-1
1,2624303,2627910,589,"Deletion",0,-1,-1
1,2624506,2624683,590,"Insertion",-1,-1,-1
1,2624750,2624751,591,"Insertion",-1,-1,-1
1,2624979,2625059,592,"Deletion",-1,-1,-1
1,2624987,2625068,593,"Deletion",-1,-1,-1
1,2625385,2626391,594,"Insertion",-1,-1,-1
1,2625398,2627863,595,"Deletion",-1,-1,-1
1,2626828,2630396,596,"Insertion",-1,-1,-1
1,2627212,2630537,597,"Insertion",-1,-1,-1
1,2628044,2630457,598,"Insertion",-1,-1,-1
1,2628419,2629228,599,"Insertion",-1,0,-1
1,2629212,2629372,601,"Deletion",-1,-1,-1
1,2629212,2629373,600,"Deletion",-1,-1,-1
1,2629365,2630016,602,"Insertion",-1,-1,-1
1,2630379,2630380,603,"Insertion",-1,-1,-1
1,2630647,2633949,604,"Insertion",0,0,0
1,2630748,2631699,605,"Insertion",-1,-1,-1
1,2630806,2631314,606,"Insertion",-1,-1,-1
1,2630829,2631445,607,"Insertion",-1,-1,-1
1,2631621,2632366,608,"Insertion",0,0,0
1,2632328,2686155,609,"Deletion",0,0,0
1,2632535,2632916,610,"Insertion",-1,-1,-1
1,2632718,2632719,611,"Insertion",-1,-1,-1
1,2685845,2685927,612,"Deletion",-1,-1,-1
1,2689220,2689385,613,"Deletion",-1,-1,-1
1,2701525,2701546,614,"Deletion",1,1,1
1,2701525,2701546,615,"Deletion",1,1,1
1,2714770,2714818,616,"Deletion",-1,-1,-1
1,2714770,2714818,617,"Deletion",-1,-1,-1
1,2714775,2714824,618,"Deletion",-1,-1,-1
1,2714776,2714826,619,"Deletion",-1,-1,-1
1,2736806,2736807,620,"Insertion",0,0,0
1,2761795,2761796,621,"Insertion",-1,-1,1
1,2765350,2766309,622,"Deletion",0,0,0
1,2765350,2766309,623,"Deletion",0,0,0
1,2765946,2765947,624,"Insertion",-1,-1,-1
1,2766028,2766029,625,"Insertion",-1,-1,-1
1,2766036,2766037,626,"Insertion",-1,-1,-1
1,2766121,2766122,627,"Insertion",-1,-1,-1
1,2766308,2769536,628,"Insertion",1,1,1
1,2768645,2768646,629,"Insertion",-1,-1,-1
1,2768645,2768646,630,"Insertion",-1,-1,-1
1,2768990,2769385,631,"Deletion",-1,-1,-1
1,2768990,2769385,632,"Deletion",-1,-1,-1
1,2775760,2776173,633,"Insertion",0,0,0
1,2775802,2775880,635,"Deletion",-1,-1,-1
1,2775802,2775881,634,"Deletion",-1,-1,-1
1,2775989,2776189,636,"Insertion",0,0,0
1,2776048,2776113,637,"Insertion",-1,-1,-1
1,2776048,2776113,638,"Insertion",-1,-1,-1
1,2779748,2779749,639,"Insertion",-1,-1,-1
1,2779748,2779749,640,"Insertion",-1,-1,-1
1,2779758,2779759,641,"Insertion",-1,-1,-1
1,2779758,2779759,642,"Insertion",-1,-1,-1
1,2779814,2779815,643,"Insertion",-1,-1,-1
1,2794087,2794200,644,"Deletion",0,0,0
1,2794087,2794200,645,"Deletion",0,0,0
1,2794108,2794109,646,"Insertion",1,-1,-1
1,2794108,2794109,647,"Insertion",1,-1,-1
1,2794130,2794131,648,"Insertion",-1,-1,-1
1,2794130,2794131,649,"Insertion",-1,-1,-1
1,2803419,2803420,650,"Insertion",-1,-1,0
1,2855068,2855069,651,"Insertion",0,1,1
1,2861399,2861400,652,"Insertion",-1,-1,0
1,2866235,2866534,653,"Deletion",-1,-1,-1
1,2866235,2866534,654,"Deletion",-1,-1,-1
1,2866481,2876693,655,"Deletion",1,1,1
1,2866481,2876693,656,"Deletion",1,1,1
1,2876572,2876692,659,"Deletion",-1,1,1
1,2876572,2876693,657,"Deletion",-1,1,1
1,2876572,2876693,658,"Deletion",-1,1,1
1,2876619,2876739,660,"Deletion",1,1,1
1,2876619,2876739,661,"Deletion",1,1,1
1,2891217,2891284,662,"Deletion",-1,-1,-1
1,2891236,2891280,663,"Deletion",2,-1,-1
1,2891236,2891280,664,"Deletion",2,-1,-1
1,2891236,2891280,665,"Deletion",2,-1,-1
1,2891239,2891284,666,"Deletion",2,-1,-1
1,2891239,2891284,667,"Deletion",2,-1,-1
1,2891239,2891284,668,"Deletion",2,-1,-1
1,2893161,2893425,669,"Deletion",-1,-1,-1
1,2893161,2893425,670,"Deletion",-1,-1,-1
1,2893226,2893490,671,"Deletion",-1,-1,-1
1,2893319,2894303,672,"Insertion",-1,-1,-1
1,2893319,2894303,673,"Insertion",-1,-1,-1
1,2897557,2897588,674,"Deletion",1,-1,0
1,2897584,2897608,675,"Deletion",1,-1,0
1,2897588,2897617,676,"Deletion",1,2,0
1,2933003,2933106,677,"Deletion",-1,-1,-1
1,2933003,2933106,678,"Deletion",-1,-1,-1
1,2933250,2933251,679,"Insertion",-1,-1,-1
1,2933250,2933251,680,"Insertion",-1,-1,-1
1,2933250,2933251,681,"Insertion",-1,-1,-1
1,2933273,2942419,682,"Insertion",1,1,1
1,2933273,2942419,683,"Insertion",1,1,1
1,2942602,2942603,684,"Insertion",-1,-1,-1
1,2942602,2942603,685,"Insertion",-1,-1,-1
1,2942602,2942603,686,"Insertion",-1,-1,-1
1,2954348,2954349,687,"Insertion",1,1,0
1,2954348,2954349,688,"Insertion",1,1,0
1,2954410,2954411,689,"Insertion",1,1,0
1,2954410,2954411,690,"Insertion",1,1,0
1,2959216,2959215,693,"Insertion",-1,-1,1
1,2959216,2959217,691,"Insertion",-1,-1,1
1,2959216,2959217,692,"Insertion",-1,-1,1
1,2959228,2959229,694,"Insertion",1,1,1
1,3026517,3026518,695,"Insertion",0,0,0
1,3028030,3028031,696,"Insertion",-1,-1,-1
1,3028030,3028031,697,"Insertion",-1,-1,-1
1,3028030,3028041,698,"Insertion",-1,-1,-1
1,3045232,3045256,699,"Deletion",-1,1,-1
1,3045232,3045256,700,"Deletion",-1,1,-1
1,3045232,3045256,701,"Deletion",-1,1,-1
1,3045261,3045285,702,"Deletion",-1,1,-1
1,3045261,3045285,703,"Deletion",-1,1,-1
1,3045865,3045894,704,"Deletion",-1,-1,-1
1,3045865,3045894,705,"Deletion",-1,-1,-1
1,3045865,3045894,706,"Deletion",-1,-1,-1
1,3045865,3045894,707,"Deletion",-1,-1,-1
1,3045865,3045894,708,"Deletion",-1,-1,-1
1,3045878,3045907,709,"Deletion",-1,-1,-1
1,3082422,3082447,710,"Deletion",-1,-1,-1
1,3082436,3082461,711,"Deletion",-1,-1,-1
1,3092826,3092827,712,"Insertion",1,1,1
1,3092826,3092827,713,"Insertion",1,1,1
1,3092906,3097405,714,"Insertion",1,1,1
1,3092906,3097405,715,"Insertion",1,1,1
1,3097806,3097807,716,"Insertion",-1,-1,-1
1,3097808,3097809,717,"Insertion",-1,-1,-1
1,3097820,3097821,718,"Insertion",-1,-1,-1
1,3097834,3097963,719,"Deletion",-1,-1,-1
1,3097857,3097858,720,"Insertion",-1,-1,-1
1,3097873,3098023,722,"Insertion",-1,-1,-1
1,3097873,3098129,721,"Insertion",-1,-1,-1
1,3097929,3098099,723,"Deletion",-1,-1,-1
1,3097987,3098064,724,"Deletion",-1,-1,-1
1,3098102,3098197,725,"Deletion",-1,-1,-1
1,3098356,3098357,726,"Insertion",-1,-1,-1
1,3098356,3098357,727,"Insertion",-1,-1,-1
1,3111245,3111246,728,"Insertion",-1,-1,-1
1,3111245,3111246,729,"Insertion",-1,-1,-1
1,3129155,3129226,730,"Insertion",-1,-1,-1
1,3129155,3129226,731,"Insertion",-1,-1,-1
1,3129180,3129183,732,"Insertion",0,-1,0
1,3129195,3129197,733,"Insertion",1,-1,-1
1,3131910,3132030,734,"Insertion",0,-1,0
1,3131910,3132030,735,"Insertion",1,-1,-1
1,3131933,3131934,736,"Insertion",1,-1,-1
1,3131961,3131962,737,"Insertion",-1,2,1
1,3131961,3131962,738,"Insertion",-1,2,1
1,3156620,3156626,739,"Insertion",0,-1,-1
1,3172416,3172417,740,"Insertion",-1,1,0
1,3172416,3172417,741,"Insertion",-1,1,0
1,3172416,3172417,742,"Insertion",-1,1,0
1,3172474,3172475,743,"Insertion",0,-1,0
1,3177306,3177307,744,"Insertion",-1,-1,-1
1,3177306,3177307,745,"Insertion",2,2,-1
1,3177306,3177307,746,"Insertion",2,2,-1
1,3177306,3177307,747,"Insertion",2,2,-1
1,3177306,3177373,748,"Insertion",0,-1,-1
1,3177306,3177401,749,"Insertion",1,-1,1
1,3193234,3193235,750,"Insertion",-1,2,-1
1,3193234,3193235,751,"Insertion",-1,2,-1
1,3193234,3193235,752,"Insertion",-1,2,-1
1,3193234,3193235,753,"Insertion",-1,2,-1
1,3193234,3193235,754,"Insertion",-1,2,-1
1,3193289,3193290,755,"Insertion",1,1,1
1,3203801,3203802,756,"Insertion",-1,-1,-1
1,3203801,3203802,757,"Insertion",-1,-1,-1
1,3203875,3204401,758,"Deletion",0,0,0
1,3203875,3204402,759,"Deletion",0,0,0
1,3203927,3204313,760,"Insertion",0,-1,0
1,3203927,3204313,761,"Insertion",-1,-1,-1
1,3204003,3204226,762,"Deletion",-1,-1,-1
1,3204003,3204226,763,"Deletion",-1,-1,-1
1,3204129,3204227,764,"Deletion",-1,-1,-1
1,3215840,3215962,765,"Deletion",-1,-1,-1
1,3215840,3215962,766,"Deletion",-1,-1,-1
1,3215864,3215987,767,"Deletion",-1,-1,-1
1,3216030,3216401,768,"Deletion",-1,-1,-1
1,3216030,3216401,769,"Deletion",-1,-1,-1
1,3216376,3216380,770,"Insertion",-1,-1,-1
1,3216376,3216380,771,"Insertion",-1,-1,-1
1,3216477,3216868,772,"Deletion",-1,-1,-1
1,3216477,3216868,773,"Deletion",-1,-1,-1
1,3220348,3220520,774,"Deletion",-1,-1,-1
1,3220348,3220520,775,"Deletion",-1,-1,-1
1,3220587,3220588,776,"Insertion",-1,-1,-1
1,3220587,3220588,777,"Insertion",-1,-1,-1
1,3233231,3233232,778,"Insertion",0,0,0
1,3242594,3242654,779,"Deletion",-1,-1,-1
1,3242594,3242654,780,"Deletion",-1,-1,-1
1,3242594,3242654,781,"Deletion",-1,-1,-1
1,3242595,3242654,782,"Deletion",-1,-1,-1
1,3242595,3242654,783,"Deletion",-1,-1,-1
1,3262289,3262332,784,"Deletion",1,0,1
1,3262289,3262332,785,"Deletion",1,0,1
1,3262302,3262348,786,"Deletion",1,0,1
1,3262321,3262388,787,"Deletion",1,0,1
1,3262323,3262389,789,"Deletion",1,0,1
1,3262323,3262391,788,"Deletion",1,0,1
1,3262328,3262391,790,"Deletion",1,0,1
1,3262367,3262391,791,"Deletion",1,0,1
1,3268086,3268087,792,"Insertion",-1,-1,-1
1,3268088,3268090,793,"Insertion",-1,-1,-1
1,3268088,3268315,794,"Insertion",-1,0,0
1,3268089,3268090,795,"Insertion",-1,-1,-1
1,3268126,3268127,796,"Insertion",-1,-1,-1
1,3268126,3268127,797,"Insertion",-1,-1,-1
1,3287406,3287407,798,"Insertion",0,0,0
1,3319601,3319633,799,"Deletion",-1,1,1
1,3319601,3319633,800,"Deletion",-1,1,1
1,3319601,3319633,801,"Deletion",-1,1,1
1,3319624,3319656,802,"Deletion",-1,1,1
1,3319624,3319656,803,"Deletion",-1,1,1
1,3338497,3338498,804,"Insertion",0,0,0
1,3344756,3344804,805,"Deletion",-1,0,0
1,3344756,3344804,806,"Deletion",-1,0,0
1,3344877,3344878,807,"Insertion",-1,-1,1
1,3344877,3344878,808,"Insertion",-1,-1,1
1,3359789,3359827,809,"Deletion",1,1,1
1,3359800,3359875,810,"Insertion",0,0,0
1,3359800,3359875,811,"Insertion",0,0,0
1,3367351,3367352,812,"Insertion",0,1,0
1,3386823,3386824,813,"Insertion",0,-1,0
1,3387416,3387417,814,"Insertion",-1,-1,-1
1,3387479,3387480,815,"Insertion",-1,-1,-1
1,3391601,3392317,816,"Deletion",0,0,0
1,3393857,3393897,817,"Insertion",0,-1,0
1,3393857,3393897,818,"Insertion",-1,-1,-1
1,3393857,3393897,819,"Insertion",-1,-1,-1
1,3393867,3393868,820,"Insertion",-1,-1,-1
1,3393868,3393901,821,"Insertion",-1,-1,-1
1,3393868,3393901,822,"Insertion",-1,-1,-1
1,3393885,3393886,823,"Insertion",-1,-1,-1
1,3402495,3402516,824,"Deletion",-1,-1,-1
1,3402495,3402516,825,"Deletion",-1,-1,-1
1,3402495,3402516,826,"Deletion",-1,-1,-1
1,3402510,3402532,827,"Deletion",-1,-1,-1
1,3402511,3402532,828,"Deletion",-1,-1,-1
1,3402511,3402532,829,"Deletion",-1,-1,-1
1,3409792,3409793,830,"Insertion",0,-1,-1
1,3418554,3418649,832,"Insertion",0,0,-1
1,3418554,3418678,831,"Insertion",0,0,-1
1,3418581,3418582,833,"Insertion",-1,-1,-1
1,3418581,3418582,834,"Insertion",-1,-1,-1
1,3418581,3418583,835,"Insertion",-1,-1,-1
1,3418609,3418642,836,"Insertion",-1,-1,-1
1,3418609,3418642,837,"Insertion",-1,-1,-1
1,3460741,3460742,838,"Insertion",0,0,0
1,3488143,3488144,839,"Insertion",0,0,0
1,3493331,3493332,840,"Insertion",0,-1,-1
1,3495309,3495310,841,"Insertion",1,1,1
1,3495309,3495310,842,"Insertion",1,1,1
1,3495346,3495347,843,"Insertion",1,-1,-1
1,3495346,3495347,844,"Insertion",1,-1,-1
1,3495491,3495492,845,"Insertion",0,0,0
1,3495491,3495493,846,"Insertion",1,-1,-1
1,3499840,3499841,847,"Insertion",-1,-1,-1
1,3499855,3499856,848,"Insertion",-1,-1,-1
1,3499855,3499856,849,"Insertion",-1,-1,-1
1,3500018,3500350,850,"Insertion",-1,-1,-1
1,3500018,3500350,851,"Insertion",-1,-1,-1
1,3500050,3500455,852,"Insertion",-1,-1,-1
1,3500454,3500455,853,"Insertion",-1,-1,-1
1,3500454,3500455,854,"Insertion",-1,-1,-1
1,3500495,3512988,855,"Insertion",1,1,1
1,3504424,3504425,856,"Insertion",2,2,2
1,3504424,3504425,857,"Insertion",2,2,2
1,3504424,3504425,858,"Insertion",-1,-1,-1
1,3504437,3504438,859,"Insertion",-1,-1,-1
1,3504694,3504855,860,"Insertion",-1,-1,-1
1,3507410,3507411,861,"Insertion",0,0,0
1,3508334,3508400,862,"Deletion",-1,-1,-1
1,3508334,3508400,863,"Deletion",-1,-1,-1
1,3508390,3508456,864,"Deletion",1,-1,-1
1,3513271,3513272,865,"Insertion",-1,-1,-1
1,3513271,3513272,866,"Insertion",-1,-1,-1
1,3557049,3557087,867,"Deletion",1,-1,1
1,3557049,3557087,868,"Deletion",1,-1,1
1,3557111,3557149,869,"Deletion",-1,1,1
1,3557111,3557149,870,"Deletion",-1,1,1
1,3560162,3560213,871,"Deletion",-1,0,0
1,3560162,3560213,872,"Deletion",-1,0,0
1,3560265,3560856,873,"Deletion",-1,0,0
1,3560286,3560337,874,"Deletion",-1,-1,-1
1,3560286,3560337,875,"Deletion",-1,-1,-1
1,3560427,3560938,876,"Deletion",-1,-1,-1
1,3560478,3560938,877,"Deletion",-1,-1,-1
1,3560479,3560943,878,"Deletion",2,2,2
1,3560479,3560943,879,"Deletion",2,2,2
1,3560486,3560602,880,"Insertion",-1,-1,-1
1,3561902,3561978,881,"Deletion",1,1,1
1,3561902,3561978,882,"Deletion",1,1,1
1,3561907,3561946,883,"Deletion",1,-1,-1
1,3561907,3561946,884,"Deletion",1,-1,-1
1,3561918,3561957,885,"Deletion",1,-1,1
1,3561918,3561957,886,"Deletion",1,-1,1
1,3561986,3562025,887,"Deletion",-1,-1,1
1,3561986,3562025,888,"Deletion",-1,-1,1
1,3561986,3562025,889,"Deletion",1,-1,1
1,3561986,3562025,890,"Deletion",1,-1,1
1,3575610,3575612,891,"Insertion",0,0,0
1,3591575,3591743,892,"Deletion",-1,-1,-1
1,3591575,3591743,893,"Deletion",-1,-1,-1
1,3591724,3591746,895,"Insertion",-1,-1,-1
1,3591724,3598457,894,"Deletion",1,1,1
1,3596034,3596035,896,"Insertion",0,0,0
1,3596383,3596410,897,"Deletion",1,0,1
1,3596383,3596410,898,"Deletion",1,0,1
1,3598418,3598491,900,"Deletion",1,0,1
1,3598418,3598492,899,"Deletion",1,0,1
1,3610287,3610288,901,"Insertion",-1,-1,-1
1,3610510,3610512,902,"Insertion",-1,-1,-1
1,3610874,3610876,903,"Insertion",-1,-1,-1
1,3639235,3639265,904,"Deletion",0,-1,0
1,3639643,3639644,905,"Insertion",-1,-1,-1
1,3642851,3642873,906,"Deletion",-1,-1,-1
1,3656048,3656120,907,"Deletion",-1,-1,-1
1,3656068,3656141,908,"Deletion",-1,-1,-1
1,3656068,3656141,909,"Deletion",-1,-1,-1
1,3714245,3714246,910,"Insertion",1,1,1
1,3714245,3714246,911,"Insertion",1,1,1
1,3714245,3714289,912,"Deletion",0,0,0
1,3714245,3714289,913,"Deletion",0,0,0
1,3714278,3714279,914,"Insertion",-1,1,1
1,3714278,3714279,915,"Insertion",-1,1,1
1,3714278,3714279,916,"Insertion",-1,1,1
1,3717002,3717153,917,"Deletion",1,1,0
1,3717007,3717156,918,"Deletion",1,1,0
1,3717007,3717157,919,"Deletion",1,1,0
1,3719650,3720278,920,"Insertion",0,0,0
1,3721505,3722296,921,"Insertion",0,0,0
1,3737024,3737116,922,"Deletion",0,0,0
1,3737024,3737116,923,"Deletion",0,0,0
1,3737058,3737059,924,"Insertion",2,1,-1
1,3737058,3737059,925,"Insertion",2,1,-1
1,3737075,3737076,926,"Insertion",2,1,-1
1,3737075,3737076,927,"Insertion",2,1,-1
1,3741621,3741644,928,"Deletion",-1,-1,-1
1,3741621,3741644,929,"Deletion",-1,-1,-1
1,3741662,3741663,930,"Insertion",-1,-1,-1
1,3748936,3749008,931,"Deletion",1,1,-1
1,3748967,3749039,932,"Deletion",1,1,-1
1,3748967,3749039,933,"Deletion",1,1,-1
1,3749102,3749103,934,"Insertion",-1,1,-1
1,3749102,3749103,935,"Insertion",-1,1,-1
1,3785197,3785262,936,"Insertion",-1,-1,-1
1,3785273,3785274,937,"Insertion",-1,-1,-1
1,3808480,3808526,938,"Deletion",-1,-1,-1
1,3808480,3808526,939,"Deletion",-1,-1,-1
1,3808526,3808618,940,"Deletion",-1,-1,-1
1,3808713,3808759,941,"Deletion",-1,-1,-1
1,3809016,3809108,942,"Deletion",-1,-1,-1
1,3809049,3809190,943,"Deletion",-1,-1,-1
1,3809050,3809089,944,"Deletion",-1,-1,-1
1,3812078,3812121,945,"Deletion",1,1,0
1,3812079,3812124,946,"Deletion",1,1,0
1,3812079,3812124,947,"Deletion",1,1,0
1,3812079,3812124,948,"Deletion",1,1,0
1,3812097,3812141,949,"Deletion",1,1,0
1,3812097,3812141,950,"Deletion",1,1,0
1,3812110,3812112,951,"Insertion",0,0,0
1,3816054,3816075,952,"Deletion",2,1,2
1,3816054,3816075,953,"Deletion",2,1,2
1,3816054,3816075,954,"Deletion",2,1,2
1,3816054,3816075,955,"Deletion",2,1,2
1,3816054,3816075,956,"Deletion",2,1,2
1,3816055,3816076,957,"Deletion",2,1,2
1,3816055,3816076,958,"Deletion",2,1,2
1,3825019,3825042,959,"Deletion",1,0,1
1,3825019,3825042,960,"Deletion",1,0,1
1,3845252,3995268,961,"Deletion",2,2,2
1,3845252,3995268,962,"Deletion",2,2,2
1,3845252,3995268,963,"Deletion",2,2,2
1,4033596,4033597,964,"Insertion",-1,-1,-1
1,4033605,4033649,965,"Deletion",-1,-1,-1
1,4033710,4033711,966,"Insertion",-1,-1,-1
1,4046152,4046183,967,"Deletion",-1,1,-1
1,4046185,4046214,968,"Deletion",1,1,-1
1,4059713,4059889,969,"Insertion",-1,-1,0
1,4059822,4059940,970,"Deletion",-1,-1,-1
1,4059835,4059953,971,"Deletion",-1,-1,-1
1,4059835,4059953,972,"Deletion",-1,-1,-1
1,4059850,4059851,973,"Insertion",-1,-1,-1
1,4059873,4059995,974,"Deletion",-1,-1,-1
1,4059954,4059981,975,"Insertion",-1,-1,0
1,4067636,4067637,976,"Insertion",-1,-1,-1
1,4067636,4067637,977,"Insertion",-1,-1,-1
1,4076360,4076385,978,"Deletion",0,1,0
1,4076934,4077178,979,"Deletion",-1,-1,-1
1,4076934,4077178,980,"Deletion",-1,-1,-1
1,4076997,4077036,981,"Insertion",-1,-1,-1
1,4076997,4077036,982,"Insertion",-1,-1,-1
1,4077012,4077013,983,"Insertion",-1,-1,-1
1,4077106,4077107,984,"Insertion",-1,-1,-1
1,4103944,4103945,985,"Insertion",-1,-1,0
1,4103945,4103972,986,"Insertion",1,-1,0
1,4103971,4103972,987,"Insertion",1,-1,0
1,4103971,4103972,988,"Insertion",1,-1,0
1,4124445,4124467,989,"Deletion",0,0,0
1,4125006,4126420,990,"Deletion",0,0,0
1,4125006,4126420,991,"Deletion",0,0,0
1,4125204,4125238,992,"Deletion",-1,0,-1
1,4126614,4137300,993,"Deletion",1,1,1
1,4126614,4137300,994,"Deletion",1,1,1
1,4137242,4137420,995,"Deletion",0,0,-1
1,4137356,4137388,996,"Insertion",-1,-1,-1
1,4137356,4137388,997,"Insertion",-1,-1,-1
1,4137698,4138038,998,"Insertion",-1,-1,-1
1,4137801,4137802,999,"Insertion",-1,-1,-1
1,4137801,4137802,1000,"Insertion",-1,-1,-1
