chrom,start,end,id,SVtype,HG002,HG003,HG004,technology,
1,66442,66441,6,Insertion,2,1,2,300x,
1,537701,537702,11,Insertion,0,0,0,PacBio,
1,543121,546074,12,Deletion,0,0,0,300x,
1,543121,546074,12,Deletion,0,0,0,250x,
1,546141,546142,13,Insertion,1,1,1,PacBio,
1,747408,747410,15,Insertion,0,0,0,300x,
1,747408,747410,15,Insertion,0,0,0,250x,
1,788810,788811,22,Insertion,0,0,0,300x,
1,811811,812098,35,Insertion,0,0,0,300x,
1,811811,812098,35,Insertion,0,0,0,250x,
1,814762,814763,36,Insertion,0,0,0,250x,
1,821601,821602,37,Insertion,0,0,0,300x,
1,821601,821602,37,Insertion,1,1,1,250x,
1,821604,821605,41,Insertion,0,0,0,300x,
1,821604,821605,41,Insertion,1,1,1,250x,
1,821604,821605,38,Insertion,2,2,2,PacBio,
1,821604,821605,39,Insertion,2,2,2,PacBio,
1,821604,821605,40,Insertion,2,2,2,PacBio,
1,821633,821634,42,Insertion,0,0,0,300x,
1,821633,821634,42,Insertion,1,1,1,250x,
1,823967,824047,43,Deletion,0,0,0,300x,
1,823967,824047,43,Deletion,0,0,0,250x,
1,823967,824047,43,Deletion,0,0,0,PacBio,
1,829169,829206,44,Deletion,2,2,2,250x,
1,829169,829206,45,Deletion,2,2,2,250x,
1,829169,829206,46,Deletion,2,2,2,250x,
1,829169,829206,47,Deletion,2,2,2,250x,
1,829169,829206,44,Deletion,2,2,2,PacBio,
1,829169,829206,45,Deletion,2,2,2,PacBio,
1,829169,829206,46,Deletion,2,2,2,PacBio,
1,829169,829206,47,Deletion,2,2,2,PacBio,
1,829170,829206,48,Deletion,2,2,2,250x,
1,829170,829206,48,Deletion,2,2,2,PacBio,
1,829171,829208,49,Deletion,2,2,2,250x,
1,829171,829208,50,Deletion,2,2,2,250x,
1,829171,829208,51,Deletion,2,2,2,250x,
1,829171,829208,49,Deletion,2,2,2,PacBio,
1,829171,829208,50,Deletion,2,2,2,PacBio,
1,829171,829208,51,Deletion,2,2,2,PacBio,
1,843215,843216,52,Insertion,1,2,0,250x,
1,843215,843216,53,Insertion,1,2,0,250x,
1,843215,843216,54,Insertion,1,2,0,250x,
1,843215,843216,55,Insertion,1,2,0,250x,
1,843247,843248,56,Insertion,1,1,0,250x,
1,871656,871697,68,Deletion,0,0,0,300x,
1,871681,871721,69,Deletion,0,0,0,300x,
1,884079,884080,70,Insertion,0,0,0,300x,*
1,884079,884080,70,Insertion,1,1,1,250x,
1,884108,884110,75,Insertion,0,0,0,10x,
1,884108,884110,76,Insertion,0,0,0,10x,
1,884109,884110,75,Insertion,0,0,0,300x,
1,884109,884110,76,Insertion,0,0,0,300x,
1,884109,884110,76,Insertion,1,1,1,250x,
1,899992,900148,77,Insertion,0,0,0,300x,
1,899992,900148,77,Insertion,0,0,0,PacBio,
1,900145,900223,79,Deletion,0,0,0,300x,
1,900147,900224,80,Deletion,0,0,0,300x,
1,919991,919992,88,Insertion,2,2,1,300x,
1,919991,919992,89,Insertion,2,2,1,300x,
1,919991,919992,90,Insertion,2,2,1,300x,
1,919991,919992,88,Insertion,2,2,1,250x,
1,919991,919992,89,Insertion,2,2,1,250x,
1,919991,919992,90,Insertion,2,2,1,250x,
1,919991,919992,88,Insertion,2,2,1,PacBio,
1,919991,919992,89,Insertion,2,2,1,PacBio,
1,919991,919992,90,Insertion,2,2,1,PacBio,
1,919994,919995,91,Insertion,2,2,1,300x,
1,919994,919995,92,Insertion,0,0,0,300x,
1,919994,919995,93,Insertion,0,0,0,300x,
1,919994,919995,91,Insertion,2,2,1,250x,
1,919994,919995,92,Insertion,0,0,0,250x,
1,919994,919995,93,Insertion,0,0,0,250x,
1,919994,919995,91,Insertion,2,2,1,PacBio,
1,919994,919995,93,Insertion,0,0,0,PacBio,
1,924199,924200,94,Insertion,1,1,1,300x,
1,924199,924200,95,Insertion,1,1,1,300x,
1,928519,928521,103,Insertion,0,0,0,300x,
1,931634,932247,104,Deletion,0,0,0,300x,
1,931634,932247,104,Deletion,0,0,0,250x,
1,931634,932247,104,Deletion,0,0,0,PacBio,
1,934122,934123,107,Insertion,0,0,0,300x,
1,934123,934124,108,Insertion,0,0,0,300x,
1,934123,934124,108,Insertion,0,0,0,250x,
1,957967,957968,114,Insertion,2,2,2,250x,
1,957967,957968,115,Insertion,2,2,2,250x,
1,957967,957968,116,Insertion,2,2,2,250x,
1,957967,957968,117,Insertion,2,2,2,250x,
1,957967,957968,118,Insertion,2,2,2,250x,
1,957967,957968,114,Insertion,2,2,2,PacBio,
1,957967,957968,115,Insertion,2,2,2,PacBio,
1,957967,957968,116,Insertion,2,2,2,PacBio,
1,957967,957968,117,Insertion,2,2,2,PacBio,
1,957967,957968,118,Insertion,2,2,2,PacBio,
1,957969,957970,119,Insertion,1,1,1,300x,
1,957969,957970,120,Insertion,1,1,1,300x,
1,957969,957970,119,Insertion,2,2,2,PacBio,
1,957969,957970,120,Insertion,2,2,2,PacBio,
1,977200,977249,130,Deletion,0,0,0,300x,
1,984484,984515,131,Deletion,0,0,0,PacBio,
1,1000412,1000619,139,Deletion,0,0,0,PacBio,
1,1000442,1000664,140,Insertion,0,0,0,PacBio,
1,1004213,1004214,144,Insertion,0,0,0,300x,
1,1004213,1004214,145,Insertion,0,0,0,300x,
1,1004214,1004215,146,Insertion,0,0,0,300x,
1,1016016,1016409,159,Deletion,0,0,0,300x,
1,1016016,1016409,159,Deletion,0,0,0,250x,
1,1016054,1016409,160,Deletion,0,0,0,300x,
1,1016054,1016409,160,Deletion,0,0,0,250x,
1,1023656,1023694,163,Deletion,0,0,0,PacBio,
1,1034429,1044497,164,Deletion,0,0,0,300x,
1,1034429,1044497,164,Deletion,0,0,0,250x,
1,1034429,1044497,164,Deletion,0,0,0,MP,
1,1044356,1044357,166,Insertion,1,0,1,PacBio,
1,1099577,1099578,178,Insertion,0,0,0,300x,
1,1099577,1099578,178,Insertion,0,0,0,250x,
1,1103389,1103425,179,Deletion,1,1,1,250x,
1,1103469,1103505,180,Deletion,1,1,1,250x,
1,1120035,1120251,181,Deletion,0,0,0,300x,
1,1120035,1120251,181,Deletion,0,0,0,PacBio,
1,1158515,1158516,184,Insertion,0,0,0,300x,
1,1158515,1158516,184,Insertion,0,0,0,250x,
1,1161100,1161130,185,Deletion,0,0,1,300x,
1,1161100,1161130,185,Deletion,0,0,1,250x,
1,1161100,1161130,185,Deletion,0,0,1,PacBio,
1,1180674,1183435,190,Insertion,0,0,0,250x,
1,1180674,1183435,190,Insertion,0,0,0,MP,
1,1206188,1206189,194,Insertion,0,0,0,300x,
1,1206188,1206189,194,Insertion,0,0,0,250x,
1,1285401,1286800,210,Deletion,2,2,2,MP,
1,1317610,1318285,215,Insertion,0,0,0,300x,
1,1317610,1318285,216,Insertion,0,0,0,300x,
1,1317610,1318285,215,Insertion,0,0,0,250x,
1,1317610,1318285,216,Insertion,0,0,0,250x,
1,1378235,1378236,223,Insertion,1,1,1,300x,
1,1378235,1378236,224,Insertion,1,1,1,300x,
1,1378235,1378236,225,Insertion,1,1,1,300x,
1,1378235,1378236,223,Insertion,1,1,1,250x,
1,1378235,1378236,224,Insertion,1,1,1,250x,
1,1378235,1378236,225,Insertion,1,1,1,250x,
1,1378318,1378319,226,Insertion,1,1,1,300x,
1,1378318,1378319,227,Insertion,1,1,1,300x,
1,1378318,1378319,226,Insertion,1,1,1,250x,
1,1378318,1378319,227,Insertion,1,1,1,250x,
1,1397147,1397148,228,Insertion,0,0,0,300x,
1,1397147,1397148,228,Insertion,0,0,0,250x,
1,1413217,1413382,229,Deletion,0,0,0,300x,
1,1413217,1413382,230,Deletion,0,0,0,300x,
1,1413217,1413382,229,Deletion,0,0,0,250x,
1,1413217,1413382,230,Deletion,0,0,0,250x,
1,1413217,1413382,229,Deletion,0,0,0,PacBio,
1,1413217,1413382,230,Deletion,0,0,0,PacBio,
1,1413347,1413348,231,Insertion,1,1,1,300x,
1,1413347,1413348,231,Insertion,1,1,1,250x,
1,1413347,1413348,231,Insertion,2,2,2,PacBio,
1,1478966,1479211,232,Deletion,0,0,0,10x,
1,1478967,1479211,232,Deletion,0,0,0,300x,
1,1478967,1479211,232,Deletion,0,0,0,250x,
1,1479144,1479146,234,Insertion,0,0,0,300x,
1,1501038,1501039,235,Insertion,1,0,1,250x,
1,1501064,1501065,236,Insertion,1,0,1,300x,
1,1501064,1501065,236,Insertion,1,0,1,250x,
1,1501084,1501085,237,Insertion,1,0,1,300x,
1,1501084,1501085,237,Insertion,1,0,1,250x,
1,1521353,1521354,238,Insertion,2,2,2,250x,
1,1521353,1521354,239,Insertion,2,2,2,250x,
1,1521353,1521354,240,Insertion,2,2,2,250x,
1,1521353,1521354,241,Insertion,2,2,2,250x,
1,1521353,1521354,242,Insertion,2,2,2,250x,
1,1521353,1521354,243,Insertion,2,2,2,250x,
1,1521353,1521354,244,Insertion,2,2,2,250x,
1,1521353,1521354,245,Insertion,2,2,2,250x,
1,1570570,1633791,250,Deletion,0,0,0,10x,
1,1570571,1633791,250,Deletion,0,0,0,300x,
1,1570571,1633791,250,Deletion,0,0,0,250x,
1,1570571,1633791,250,Deletion,0,0,0,MP,
1,1583006,1646240,251,Deletion,0,0,0,10x,
1,1583007,1646240,251,Deletion,0,0,0,300x,
1,1583007,1646240,251,Deletion,0,0,0,250x,
1,1588957,1660826,253,Deletion,1,1,1,300x,
1,1598413,1598580,255,Deletion,2,2,2,PacBio,
1,1598413,1598581,254,Deletion,2,2,2,PacBio,
1,1628379,1628407,257,Deletion,1,1,1,250x,
1,1628379,1628407,258,Deletion,1,1,1,250x,
1,1628379,1628407,259,Deletion,1,1,1,250x,
1,1628379,1628407,257,Deletion,0,0,0,PacBio,
1,1628379,1628407,258,Deletion,0,0,0,PacBio,
1,1628379,1628407,259,Deletion,0,0,0,PacBio,
1,1649043,1649094,262,Deletion,2,2,2,PacBio,
1,1649043,1649094,263,Deletion,2,2,2,PacBio,
1,1649043,1649095,260,Deletion,2,2,2,PacBio,
1,1649043,1649095,261,Deletion,2,2,2,PacBio,
1,1654004,1654005,266,Insertion,2,2,2,PacBio,
1,1654004,1654005,267,Insertion,2,2,2,PacBio,
1,1654004,1654005,268,Insertion,2,2,2,PacBio,
1,1654005,1654006,270,Insertion,2,2,2,PacBio,
1,1681031,1681085,271,Deletion,0,0,0,300x,
1,1681031,1681085,271,Deletion,0,0,0,250x,
1,1681044,1681045,272,Insertion,2,2,2,PacBio,
1,1681051,1681052,273,Insertion,0,0,0,300x,
1,1681067,1681068,274,Insertion,0,0,0,300x,
1,1681084,1681085,275,Insertion,0,0,0,300x,
1,1685921,1685944,276,Deletion,1,2,0,PacBio,
1,1685921,1685944,277,Deletion,1,2,0,PacBio,
1,1685921,1685944,278,Deletion,1,2,0,PacBio,
1,1685921,1685944,279,Deletion,1,2,0,PacBio,
1,1685921,1685944,280,Deletion,1,2,0,PacBio,
1,1705168,1705169,281,Insertion,1,2,0,300x,
1,1705168,1705169,281,Insertion,1,2,0,250x,
1,1777272,1777300,282,Deletion,0,0,0,300x,
1,1777272,1777300,282,Deletion,0,0,0,250x,
1,1779808,1779809,283,Insertion,0,0,0,300x,
1,1860890,1876562,289,Insertion,1,1,1,300x,
1,1860890,1876562,289,Insertion,1,1,1,250x,
1,1860890,1866242,290,Insertion,0,0,0,MP,
1,1866213,1867035,291,Deletion,0,0,0,250x,
1,1866362,1867023,293,Deletion,1,2,0,250x,
1,1869280,1869312,294,Deletion,1,2,0,300x,
1,1869280,1869312,295,Deletion,1,2,0,300x,
1,1869280,1869312,296,Deletion,1,2,0,300x,
1,1869280,1869312,297,Deletion,1,2,0,300x,
1,1869280,1869312,298,Deletion,1,2,0,300x,
1,1869280,1869312,294,Deletion,1,2,0,250x,
1,1869280,1869312,295,Deletion,1,2,0,250x,
1,1869280,1869312,296,Deletion,1,2,0,250x,
1,1869280,1869312,297,Deletion,1,2,0,250x,
1,1869280,1869312,298,Deletion,1,2,0,250x,
1,1869284,1869335,299,Deletion,1,2,0,250x,
1,1880346,1880347,300,Insertion,0,0,0,300x,
1,1880380,1880381,301,Insertion,0,0,0,300x,
1,1880380,1880381,301,Insertion,0,0,0,PacBio,
1,1880616,1880618,302,Insertion,0,0,0,300x,
1,1880616,1880618,302,Insertion,0,0,0,PacBio,
1,1886457,1886458,303,Insertion,1,1,1,300x,
1,1886457,1886458,304,Insertion,1,1,1,300x,
1,1886457,1886458,303,Insertion,2,2,1,PacBio,
1,1886457,1886458,304,Insertion,2,2,1,PacBio,
1,1886519,1886520,305,Insertion,1,1,1,300x,
1,1886519,1886520,306,Insertion,1,1,1,300x,
1,1886519,1886520,307,Insertion,1,1,1,300x,
1,1886519,1886520,305,Insertion,2,2,1,PacBio,
1,1886519,1886520,306,Insertion,2,2,1,PacBio,
1,1886519,1886520,307,Insertion,2,2,1,PacBio,
1,1886527,1886528,308,Insertion,0,0,0,300x,
1,1886527,1886528,308,Insertion,1,1,1,250x,
1,1900374,1900455,309,Deletion,0,0,1,250x,
1,1925143,1925248,317,Deletion,0,0,0,300x,
1,1925143,1925248,318,Deletion,0,0,0,300x,
1,1925143,1925144,316,Insertion,2,2,2,250x,
1,1925143,1925144,316,Insertion,2,2,2,PacBio,
1,1925143,1925248,318,Deletion,0,0,0,PacBio,
1,1925158,1925159,319,Insertion,0,0,0,300x,
1,1937364,1937385,323,Deletion,2,2,2,300x,
1,1937364,1937385,323,Deletion,2,2,2,250x,
1,2002490,2002491,328,Insertion,1,1,1,300x,
1,2002490,2002491,329,Insertion,1,1,1,300x,
1,2002490,2002491,330,Insertion,1,1,1,300x,
1,2002490,2002491,331,Insertion,1,1,1,300x,
1,2002490,2002491,328,Insertion,1,1,1,250x,
1,2002490,2002491,329,Insertion,1,1,1,250x,
1,2002490,2002491,330,Insertion,1,1,1,250x,
1,2002490,2002491,331,Insertion,1,1,1,250x,
1,2002490,2002491,332,Insertion,1,1,1,250x,
1,2002490,2002491,328,Insertion,1,1,1,PacBio,
1,2002490,2002491,329,Insertion,1,1,1,PacBio,
1,2002490,2002491,330,Insertion,1,1,1,PacBio,
1,2002490,2002491,331,Insertion,1,1,1,PacBio,
1,2002490,2002491,332,Insertion,1,1,1,PacBio,
1,2002500,2002501,333,Insertion,1,1,1,300x,
1,2002500,2002501,333,Insertion,1,1,1,250x,
1,2002500,2002501,333,Insertion,1,1,1,PacBio,
1,2017166,2017168,334,Insertion,0,0,0,300x,
1,2017166,2017168,334,Insertion,1,1,1,PacBio,
1,2017199,2017200,335,Insertion,0,0,0,300x,
1,2017199,2017200,335,Insertion,1,1,1,PacBio,
1,2038015,2038249,338,Deletion,1,1,0,PacBio,
1,2038235,2038295,340,Deletion,1,2,0,PacBio,
1,2041555,2041650,342,Insertion,0,0,0,300x,
1,2041555,2041650,342,Insertion,0,0,0,250x,
1,2041555,2041650,342,Insertion,0,0,0,PacBio,
1,2041556,2041653,343,Deletion,0,0,0,300x,
1,2041556,2041653,343,Deletion,1,1,1,PacBio,
1,2041597,2041692,344,Deletion,0,0,0,300x,
1,2041597,2041692,344,Deletion,1,1,1,PacBio,
1,2053493,2055814,349,Deletion,0,0,0,PacBio,
1,2073760,2073847,357,Deletion,1,0,2,PacBio,
1,2073838,2073934,358,Deletion,0,0,0,300x,
1,2078502,2079680,359,Deletion,0,0,0,MP,
1,2078502,2079680,359,Deletion,0,0,0,PacBio,
1,2109324,2109325,362,Insertion,0,0,0,250x,
1,2109324,2109325,362,Insertion,0,0,0,PacBio,
1,2142878,2143634,368,Deletion,0,0,0,10x,
1,2142879,2143634,369,Deletion,0,0,0,10x,
1,2142879,2143634,368,Deletion,0,0,0,300x,
1,2142879,2143634,368,Deletion,0,0,0,250x,
1,2142879,2143634,368,Deletion,0,0,0,PacBio,
1,2142880,2143634,369,Deletion,0,0,0,300x,
1,2142880,2143634,369,Deletion,0,0,0,250x,
1,2142880,2143634,369,Deletion,0,0,0,PacBio,
1,2145174,2145175,372,Insertion,0,0,0,300x,
1,2145174,2145175,372,Insertion,0,0,0,250x,
1,2193484,2193555,373,Deletion,1,0,1,PacBio,
1,2193484,2193555,374,Deletion,1,0,1,PacBio,
1,2193549,2193619,375,Deletion,1,0,1,PacBio,
1,2227143,2227167,394,Deletion,1,0,2,250x,
1,2227143,2227167,395,Deletion,1,0,2,250x,
1,2241098,2241314,396,Deletion,0,0,0,300x,
1,2241098,2241314,397,Deletion,0,0,0,300x,
1,2263262,2263295,401,Deletion,0,0,0,300x,
1,2274279,2274280,405,Insertion,1,1,1,300x,
1,2274279,2274280,406,Insertion,1,1,1,300x,
1,2274279,2274280,405,Insertion,1,1,1,250x,
1,2274279,2274280,406,Insertion,1,1,1,250x,
1,2298399,2298401,409,Insertion,0,0,0,10x,
1,2298400,2298401,409,Insertion,0,0,0,300x,
1,2298400,2298401,409,Insertion,0,0,0,250x,
1,2324454,2324498,410,Deletion,0,0,0,300x,
1,2324454,2324498,411,Deletion,0,0,0,300x,
1,2324454,2324498,410,Deletion,0,0,0,PacBio,
1,2324454,2324498,411,Deletion,0,0,0,PacBio,
1,2324473,2324474,412,Insertion,2,2,2,PacBio,
1,2324473,2324474,413,Insertion,2,2,2,PacBio,
1,2324473,2324474,414,Insertion,2,2,2,PacBio,
1,2324473,2324474,415,Insertion,2,2,2,PacBio,
1,2324473,2324474,416,Insertion,2,2,2,PacBio,
1,2324487,2324488,417,Insertion,2,2,2,PacBio,
1,2332640,2332868,418,Deletion,0,0,0,10x,
1,2332640,2332868,419,Deletion,0,0,0,10x,
1,2332641,2332868,418,Deletion,0,0,0,300x,
1,2332641,2332868,419,Deletion,0,0,0,300x,
1,2332641,2332868,418,Deletion,0,0,0,250x,
1,2332641,2332868,419,Deletion,0,0,0,250x,
1,2366893,2366894,421,Insertion,0,0,0,300x,
1,2366893,2366894,421,Insertion,0,0,0,250x,
1,2371829,2372172,424,Insertion,0,0,0,300x,
1,2371829,2372172,424,Insertion,0,0,0,250x,
1,2390810,2391081,428,Insertion,1,1,1,300x,
1,2390810,2391081,428,Insertion,1,1,1,250x,
1,2390810,2391081,429,Insertion,0,0,0,250x,
1,2390810,2391081,429,Insertion,0,0,0,PacBio,
1,2415196,2415197,435,Insertion,1,0,2,250x,
1,2415196,2415197,436,Insertion,1,0,2,250x,
1,2415308,2415330,437,Deletion,1,1,1,PacBio,
1,2415476,2415497,438,Deletion,0,0,0,300x,
1,2432229,2432265,439,Deletion,1,0,1,PacBio,
1,2432244,2432286,440,Deletion,1,0,1,PacBio,
1,2454128,2454441,442,Deletion,0,0,0,300x,
1,2454128,2454441,441,Deletion,0,0,0,250x,
1,2454128,2454441,442,Deletion,0,0,0,250x,
1,2454128,2454441,442,Deletion,0,0,0,MP,
1,2454244,2454279,443,Insertion,2,2,2,MP,
1,2454244,2454279,443,Insertion,2,2,2,PacBio,
1,2454247,2454279,444,Insertion,2,2,2,PacBio,
1,2523801,2524008,445,Deletion,1,1,1,PacBio,
1,2523851,2523950,447,Insertion,0,0,0,PacBio,
1,2523909,2524024,448,Deletion,1,1,1,PacBio,
1,2533554,2533555,449,Insertion,1,1,1,300x,
1,2533554,2533555,449,Insertion,1,1,1,250x,
1,2533554,2533555,449,Insertion,1,1,1,PacBio,
1,2533603,2533604,450,Insertion,1,1,1,300x,
1,2533603,2533604,451,Insertion,0,0,0,300x,
1,2533603,2533604,450,Insertion,1,1,1,250x,
1,2533603,2533604,451,Insertion,0,0,0,250x,
1,2533603,2533604,450,Insertion,1,1,1,PacBio,
1,2533603,2533604,451,Insertion,1,1,1,PacBio,
1,2533605,2533606,452,Insertion,1,1,1,300x,
1,2533605,2533606,452,Insertion,1,1,1,250x,
1,2533605,2533606,452,Insertion,1,1,1,PacBio,
1,2566433,2566434,453,Insertion,1,1,1,PacBio,
1,2566488,2566489,454,Insertion,1,1,1,PacBio,
1,2566583,2566584,455,Insertion,1,1,1,PacBio,
1,2580058,2583992,456,Deletion,0,0,0,10x,
1,2580059,2583992,456,Deletion,0,0,0,300x,
1,2580059,2583992,456,Deletion,0,0,0,250x,
1,2580059,2583992,456,Deletion,0,0,0,MP,
1,2583885,2584572,463,Insertion,0,0,0,300x,
1,2584438,2584439,465,Insertion,0,0,0,300x,
1,2584949,2585971,468,Deletion,0,0,0,300x,
1,2584955,2585148,469,Insertion,0,0,0,300x,
1,2585306,2585489,472,Insertion,0,0,0,300x,
1,2585635,2586299,473,Insertion,0,0,0,MP,
1,2585750,2587776,474,Insertion,0,0,0,300x,
1,2586090,2586270,476,Deletion,0,0,0,300x,
1,2586216,2586217,477,Insertion,0,0,0,300x,
1,2586640,2591053,479,Deletion,0,0,0,300x,
1,2588780,2590625,486,Insertion,0,0,0,300x,
1,2589390,2591631,489,Deletion,0,0,0,300x,
1,2589496,2589696,490,Deletion,0,0,0,300x,
1,2606136,2606439,539,Insertion,0,0,0,300x,
1,2606545,2606586,540,Deletion,2,2,2,250x,
1,2606545,2606586,541,Deletion,2,2,2,250x,
1,2607035,2607076,546,Deletion,0,0,0,300x,
1,2615114,2629049,563,Deletion,0,0,0,250x,
1,2615411,2615444,564,Insertion,1,1,1,300x,
1,2615809,2617973,567,Deletion,0,0,0,300x,
1,2618405,2618406,574,Insertion,0,0,0,300x,
1,2618733,2619181,576,Insertion,0,0,0,300x,
1,2619585,2621735,578,Insertion,0,0,0,300x,
1,2620771,2626967,579,Deletion,0,0,0,250x,
1,2621931,2623904,583,Deletion,0,0,0,300x,
1,2622033,2623971,584,Insertion,0,0,0,300x,
1,2622145,2623574,585,Insertion,0,0,0,300x,
1,2623952,2624670,588,Insertion,0,0,0,300x,
1,2624506,2624683,590,Insertion,0,0,0,300x,
1,2624750,2624751,591,Insertion,0,0,0,MP,
1,2625385,2626391,594,Insertion,0,0,0,300x,
1,2627212,2630537,597,Insertion,0,0,0,300x,
1,2627212,2630537,597,Insertion,0,0,0,MP,
1,2628419,2629228,599,Insertion,0,0,0,300x,
1,2628419,2629228,599,Insertion,0,0,0,MP,
1,2629365,2630016,602,Insertion,0,0,0,MP,
1,2630379,2630380,603,Insertion,0,0,0,300x,
1,2630647,2633949,604,Insertion,0,0,0,300x,
1,2630647,2633949,604,Insertion,0,0,0,250x,
1,2630748,2631699,605,Insertion,0,0,0,300x,
1,2630806,2631314,606,Insertion,0,0,0,300x,
1,2630829,2631445,607,Insertion,0,0,0,300x,
1,2631621,2632366,608,Insertion,0,0,0,300x,
1,2631621,2632366,608,Insertion,0,0,0,250x,
1,2631621,2632366,608,Insertion,1,1,0,MP,
1,2632328,2686155,609,Deletion,0,0,0,300x,
1,2632328,2686155,609,Deletion,0,0,0,250x,
1,2632535,2632916,610,Insertion,0,0,0,300x,
1,2701525,2701546,614,Deletion,1,1,1,250x,
1,2701525,2701546,615,Deletion,1,1,1,250x,
1,2714770,2714818,616,Deletion,1,1,1,PacBio,
1,2714770,2714818,617,Deletion,1,1,1,PacBio,
1,2714775,2714824,618,Deletion,1,1,1,PacBio,
1,2714776,2714826,619,Deletion,1,1,1,PacBio,
1,2736806,2736807,620,Insertion,0,0,0,300x,
1,2736806,2736807,620,Insertion,0,0,0,250x,
1,2765350,2766309,622,Deletion,0,0,0,300x,
1,2765350,2766309,623,Deletion,0,0,0,300x,
1,2765350,2766309,622,Deletion,0,0,0,250x,
1,2765350,2766309,623,Deletion,0,0,0,250x,
1,2765350,2766309,622,Deletion,0,0,0,MP,
1,2765350,2766309,623,Deletion,0,0,0,MP,
1,2765350,2766309,622,Deletion,0,0,0,PacBio,
1,2765350,2766309,623,Deletion,0,0,0,PacBio,
1,2766308,2769536,628,Insertion,1,1,1,300x,
1,2766308,2769536,628,Insertion,1,1,1,250x,
1,2766308,2769536,628,Insertion,1,1,1,MP,
1,2775759,2776173,633,Insertion,0,0,0,10x,
1,2775760,2776173,633,Insertion,0,0,0,250x,
1,2775989,2776189,636,Insertion,0,0,0,250x,
1,2776048,2776113,637,Insertion,1,1,0,MP,
1,2776048,2776113,638,Insertion,1,1,0,MP,
1,2794086,2794200,644,Deletion,0,0,0,10x,
1,2794086,2794200,645,Deletion,0,0,0,10x,
1,2794087,2794200,644,Deletion,0,0,0,300x,
1,2794087,2794200,645,Deletion,0,0,0,300x,
1,2794087,2794200,644,Deletion,0,0,0,250x,
1,2794087,2794200,645,Deletion,0,0,0,250x,
1,2794108,2794109,646,Insertion,1,1,1,300x,
1,2794108,2794109,647,Insertion,1,1,1,300x,
1,2794130,2794131,648,Insertion,2,2,2,PacBio,
1,2794130,2794131,649,Insertion,2,2,2,PacBio,
1,2803418,2803420,650,Insertion,0,0,0,10x,
1,2803419,2803420,650,Insertion,0,0,0,300x,
1,2855068,2855069,651,Insertion,0,1,1,300x,
1,2855068,2855069,651,Insertion,0,1,1,250x,
1,2855068,2855069,651,Insertion,0,1,1,PacBio,
1,2861398,2861400,652,Insertion,0,0,0,10x,
1,2861399,2861400,652,Insertion,0,0,0,PacBio,
1,2866481,2876693,655,Deletion,1,1,1,300x,
1,2866481,2876693,656,Deletion,1,1,1,300x,
1,2866481,2876693,655,Deletion,1,1,1,250x,
1,2866481,2876693,656,Deletion,1,1,1,250x,
1,2866481,2876693,656,Deletion,1,1,1,PacBio,
1,2876619,2876739,660,Deletion,1,1,1,250x,
1,2876619,2876739,661,Deletion,1,1,1,250x,
1,2897557,2897588,674,Deletion,1,2,0,PacBio,
1,2897584,2897608,675,Deletion,1,2,0,PacBio,
1,2897588,2897617,676,Deletion,1,2,0,250x,
1,2897588,2897617,676,Deletion,1,2,0,PacBio,
1,2933273,2942419,682,Insertion,1,1,1,300x,
1,2933273,2942419,683,Insertion,1,1,1,300x,
1,2933273,2942419,682,Insertion,1,1,1,250x,
1,2933273,2942419,683,Insertion,1,1,1,250x,
1,2933273,2942419,683,Insertion,1,1,1,MP,
1,2933273,2942419,683,Insertion,1,1,1,PacBio,
1,2942602,2942603,684,Insertion,2,2,2,PacBio,
1,2942602,2942603,685,Insertion,2,2,2,PacBio,
1,2942602,2942603,686,Insertion,2,2,2,PacBio,
1,2954348,2954349,687,Insertion,1,1,0,300x,
1,2954348,2954349,688,Insertion,1,1,0,300x,
1,2954348,2954349,687,Insertion,1,1,0,250x,
1,2954348,2954349,688,Insertion,1,1,0,250x,
1,2954348,2954349,687,Insertion,1,1,0,PacBio,
1,2954348,2954349,688,Insertion,1,1,0,PacBio,
1,2954410,2954411,689,Insertion,1,1,0,250x,
1,2954410,2954411,690,Insertion,1,1,0,250x,
1,2954410,2954411,689,Insertion,1,1,0,PacBio,
1,2954410,2954411,690,Insertion,1,1,0,PacBio,
1,2959216,2959217,691,Insertion,2,2,1,PacBio,
1,2959228,2959229,694,Insertion,1,1,1,250x,
1,2959228,2959229,694,Insertion,2,2,1,PacBio,
1,3026517,3026518,695,Insertion,0,0,0,300x,
1,3026517,3026518,695,Insertion,0,0,0,250x,
1,3045232,3045256,699,Deletion,2,1,2,PacBio,
1,3045232,3045256,700,Deletion,2,1,2,PacBio,
1,3045232,3045256,701,Deletion,2,1,2,PacBio,
1,3045261,3045285,702,Deletion,2,1,2,PacBio,
1,3045261,3045285,703,Deletion,2,1,2,PacBio,
1,3045865,3045894,704,Deletion,2,1,1,PacBio,
1,3045865,3045894,705,Deletion,2,1,1,PacBio,
1,3045865,3045894,706,Deletion,2,1,1,PacBio,
1,3045865,3045894,707,Deletion,2,1,1,PacBio,
1,3045865,3045894,708,Deletion,2,1,1,PacBio,
1,3082422,3082447,710,Deletion,1,2,0,PacBio,
1,3092826,3092827,712,Insertion,1,1,1,300x,
1,3092826,3092827,713,Insertion,1,1,1,300x,
1,3092826,3092827,712,Insertion,1,1,1,250x,
1,3092826,3092827,713,Insertion,1,1,1,250x,
1,3092906,3097405,714,Insertion,1,1,1,300x,
1,3092906,3097405,715,Insertion,1,1,1,300x,
1,3092906,3097405,714,Insertion,1,1,1,250x,
1,3092906,3097405,715,Insertion,1,1,1,250x,
1,3092906,3097405,715,Insertion,1,1,1,MP,
1,3129155,3129226,730,Insertion,1,1,1,300x,
1,3129155,3129226,731,Insertion,1,1,1,300x,
1,3129180,3129183,732,Insertion,0,0,0,300x,
1,3129180,3129183,732,Insertion,1,2,1,PacBio,
1,3131910,3132030,734,Insertion,0,0,0,300x,
1,3131910,3132030,735,Insertion,1,1,1,300x,
1,3131933,3131934,736,Insertion,1,1,1,300x,
1,3131961,3131962,737,Insertion,1,1,1,300x,
1,3131961,3131962,738,Insertion,1,1,1,300x,
1,3131961,3131962,737,Insertion,2,2,1,PacBio,
1,3131961,3131962,738,Insertion,2,2,1,PacBio,
1,3172416,3172417,740,Insertion,1,2,0,PacBio,
1,3172416,3172417,741,Insertion,1,2,0,PacBio,
1,3172416,3172417,742,Insertion,1,2,0,PacBio,
1,3172474,3172475,743,Insertion,0,0,0,300x,
1,3172474,3172475,743,Insertion,1,1,0,PacBio,
1,3177306,3177373,748,Insertion,0,0,0,300x,
1,3177306,3177401,749,Insertion,1,1,1,300x,
1,3177306,3177307,745,Insertion,2,2,2,MP,
1,3177306,3177307,746,Insertion,2,2,2,MP,
1,3177306,3177307,747,Insertion,2,2,2,MP,
1,3177306,3177307,744,Insertion,2,2,2,PacBio,
1,3177306,3177307,745,Insertion,2,2,2,PacBio,
1,3177306,3177307,746,Insertion,2,2,2,PacBio,
1,3177306,3177307,747,Insertion,2,2,2,PacBio,
1,3193234,3193235,750,Insertion,2,2,2,PacBio,
1,3193234,3193235,751,Insertion,2,2,2,PacBio,
1,3193234,3193235,752,Insertion,2,2,2,PacBio,
1,3193234,3193235,753,Insertion,2,2,2,PacBio,
1,3193234,3193235,754,Insertion,2,2,2,PacBio,
1,3193289,3193290,755,Insertion,1,1,1,250x,
1,3203875,3204401,758,Deletion,0,0,0,250x,
1,3203875,3204402,759,Deletion,0,0,0,250x,
1,3203875,3204401,758,Deletion,0,0,0,PacBio,
1,3203875,3204402,759,Deletion,0,0,0,PacBio,
1,3203927,3204313,760,Insertion,0,0,0,PacBio,
1,3215840,3215962,765,Deletion,2,2,2,PacBio,
1,3215840,3215962,766,Deletion,2,2,2,PacBio,
1,3215864,3215987,767,Deletion,2,2,2,PacBio,
1,3220348,3220520,774,Deletion,1,1,1,300x,
1,3220348,3220520,775,Deletion,1,1,1,300x,
1,3233231,3233232,778,Insertion,0,0,0,300x,
1,3233231,3233232,778,Insertion,0,0,0,250x,
1,3262289,3262332,784,Deletion,1,0,1,250x,
1,3262289,3262332,785,Deletion,1,0,1,250x,
1,3262289,3262332,784,Deletion,1,0,1,PacBio,
1,3262289,3262332,785,Deletion,1,0,1,PacBio,
1,3262302,3262348,786,Deletion,1,0,1,250x,
1,3262302,3262348,786,Deletion,1,0,1,PacBio,
1,3262321,3262388,787,Deletion,1,0,1,300x,
1,3262321,3262388,787,Deletion,1,0,1,250x,
1,3262323,3262389,789,Deletion,1,0,1,300x,
1,3262323,3262391,788,Deletion,1,0,1,300x,
1,3262323,3262389,789,Deletion,1,0,1,250x,
1,3262323,3262391,788,Deletion,1,0,1,250x,
1,3262328,3262391,790,Deletion,1,0,1,300x,
1,3262328,3262391,790,Deletion,1,0,1,250x,
1,3262367,3262391,791,Deletion,1,0,1,250x,
1,3268088,3268315,794,Insertion,0,0,0,300x,
1,3287406,3287407,798,Insertion,0,0,0,300x,
1,3287406,3287407,798,Insertion,0,0,0,250x,
1,3338497,3338498,804,Insertion,0,0,0,300x,
1,3338497,3338498,804,Insertion,0,0,0,250x,
1,3344756,3344804,805,Deletion,0,0,0,PacBio,
1,3344756,3344804,806,Deletion,0,0,0,PacBio,
1,3344877,3344878,807,Insertion,0,0,0,300x,
1,3344877,3344878,808,Insertion,0,0,0,300x,
1,3359789,3359827,809,Deletion,1,1,1,250x,
1,3359800,3359875,810,Insertion,0,0,0,300x,
1,3359800,3359875,811,Insertion,0,0,0,300x,
1,3359800,3359875,810,Insertion,0,0,0,250x,
1,3359800,3359875,811,Insertion,0,0,0,250x,
1,3359800,3359875,810,Insertion,0,0,0,PacBio,
1,3367351,3367352,812,Insertion,0,1,0,300x,
1,3367351,3367352,812,Insertion,0,1,0,250x,
1,3386823,3386824,813,Insertion,0,0,0,300x,
1,3387416,3387417,814,Insertion,0,0,0,300x,
1,3391601,3392317,816,Deletion,0,0,0,250x,
1,3409792,3409793,830,Insertion,0,0,0,300x,
1,3460741,3460742,838,Insertion,0,0,0,300x,
1,3460741,3460742,838,Insertion,0,0,0,250x,
1,3460741,3460742,838,Insertion,0,0,0,PacBio,
1,3488143,3488144,839,Insertion,0,0,0,300x,
1,3488143,3488144,839,Insertion,0,0,0,250x,
1,3493331,3493332,840,Insertion,0,0,0,300x,
1,3495309,3495310,841,Insertion,1,1,1,250x,
1,3495309,3495310,842,Insertion,1,1,1,250x,
1,3495491,3495492,845,Insertion,0,0,0,300x,
1,3495491,3495492,845,Insertion,0,0,0,250x,
1,3500495,3512988,855,Insertion,1,1,1,300x,
1,3500495,3512988,855,Insertion,1,1,1,250x,
1,3500495,3512988,855,Insertion,1,1,1,MP,
1,3500495,3512988,855,Insertion,1,1,1,PacBio,
1,3504424,3504425,856,Insertion,2,2,2,250x,
1,3504424,3504425,857,Insertion,2,2,2,250x,
1,3507410,3507411,861,Insertion,0,0,0,300x,
1,3507410,3507411,861,Insertion,0,0,0,250x,
1,3557049,3557087,867,Deletion,1,1,1,300x,
1,3557049,3557087,868,Deletion,1,1,1,300x,
1,3557111,3557149,869,Deletion,1,1,1,300x,
1,3557111,3557149,870,Deletion,1,1,1,300x,
1,3560479,3560943,878,Deletion,2,2,2,250x,
1,3560479,3560943,879,Deletion,2,2,2,250x,
1,3560479,3560943,878,Deletion,2,1,2,PacBio,
1,3560479,3560943,879,Deletion,2,1,2,PacBio,
1,3560486,3560602,880,Insertion,0,0,0,300x,
1,3560486,3560602,880,Insertion,0,0,0,PacBio,
1,3561902,3561978,881,Deletion,0,0,0,300x,
1,3561902,3561978,882,Deletion,0,0,0,300x,
1,3561902,3561978,881,Deletion,1,1,1,250x,
1,3561902,3561978,882,Deletion,1,1,1,250x,
1,3561907,3561946,883,Deletion,0,0,0,300x,
1,3561907,3561946,884,Deletion,0,0,0,300x,
1,3575610,3575612,891,Insertion,0,0,0,300x,
1,3575610,3575612,891,Insertion,0,0,0,250x,
1,3591724,3598457,894,Deletion,1,1,1,300x,
1,3591724,3598457,894,Deletion,1,1,1,250x,
1,3591724,3591746,895,Insertion,0,0,0,PacBio,
1,3596034,3596035,896,Insertion,0,0,0,300x,
1,3596034,3596035,896,Insertion,0,0,0,250x,
1,3596383,3596410,897,Deletion,1,0,1,300x,
1,3596383,3596410,898,Deletion,1,0,1,300x,
1,3596383,3596410,897,Deletion,1,0,1,250x,
1,3596383,3596410,898,Deletion,1,0,1,250x,
1,3596383,3596410,897,Deletion,1,0,1,PacBio,
1,3596383,3596410,898,Deletion,1,0,1,PacBio,
1,3598418,3598491,900,Deletion,1,0,1,300x,
1,3598418,3598491,900,Deletion,1,0,1,250x,
1,3598418,3598492,899,Deletion,1,0,1,250x,
1,3598418,3598491,900,Deletion,1,0,1,PacBio,
1,3598418,3598492,899,Deletion,1,0,1,PacBio,
1,3610510,3610512,902,Insertion,1,1,1,PacBio,
1,3639643,3639644,905,Insertion,0,0,0,300x,
1,3656048,3656120,907,Deletion,1,0,1,PacBio,
1,3656068,3656141,908,Deletion,1,0,1,PacBio,
1,3656068,3656141,909,Deletion,1,0,1,PacBio,
1,3714244,3714289,912,Deletion,0,0,0,10x,
1,3714244,3714289,913,Deletion,0,0,0,10x,
1,3714245,3714246,910,Insertion,1,1,1,300x,
1,3714245,3714246,911,Insertion,1,1,1,300x,
1,3714245,3714289,912,Deletion,0,0,0,300x,
1,3714245,3714289,913,Deletion,0,0,0,300x,
1,3714245,3714246,910,Insertion,1,1,1,250x,
1,3714245,3714246,911,Insertion,1,1,1,250x,
1,3714245,3714289,912,Deletion,0,0,0,250x,
1,3714245,3714289,913,Deletion,0,0,0,250x,
1,3714245,3714289,912,Deletion,0,0,0,PacBio,
1,3714245,3714289,913,Deletion,0,0,0,PacBio,
1,3714278,3714279,914,Insertion,1,1,1,300x,
1,3714278,3714279,915,Insertion,1,1,1,300x,
1,3714278,3714279,916,Insertion,1,1,1,300x,
1,3717002,3717153,917,Deletion,1,1,0,250x,
1,3717002,3717153,917,Deletion,1,1,0,PacBio,
1,3717007,3717156,918,Deletion,1,1,0,300x,
1,3717007,3717156,918,Deletion,1,1,0,250x,
1,3717007,3717157,919,Deletion,1,1,0,250x,
1,3717007,3717156,918,Deletion,1,1,0,PacBio,
1,3717007,3717157,919,Deletion,1,1,0,PacBio,
1,3719649,3720278,920,Insertion,0,0,0,10x,
1,3719650,3720278,920,Insertion,0,0,0,300x,
1,3719650,3720278,920,Insertion,0,0,0,250x,
1,3719650,3720278,920,Insertion,0,0,0,MP,
1,3721504,3722296,921,Insertion,0,0,0,10x,
1,3721505,3722296,921,Insertion,0,0,0,300x,
1,3721505,3722296,921,Insertion,0,0,0,250x,
1,3721505,3722296,921,Insertion,0,0,0,MP,
1,3721505,3722296,921,Insertion,0,0,0,PacBio,
1,3737023,3737116,922,Deletion,0,0,0,10x,
1,3737023,3737116,923,Deletion,0,0,0,10x,
1,3737024,3737116,922,Deletion,0,0,0,300x,
1,3737024,3737116,923,Deletion,0,0,0,300x,
1,3737024,3737116,922,Deletion,0,0,0,250x,
1,3737024,3737116,923,Deletion,0,0,0,250x,
1,3737024,3737116,922,Deletion,0,0,0,PacBio,
1,3737024,3737116,923,Deletion,0,0,0,PacBio,
1,3737075,3737076,926,Insertion,2,1,2,PacBio,
1,3737075,3737076,927,Insertion,2,1,2,PacBio,
1,3748936,3749008,931,Deletion,0,1,0,PacBio,
1,3748967,3749039,932,Deletion,0,1,0,PacBio,
1,3748967,3749039,933,Deletion,0,1,0,PacBio,
1,3785197,3785262,936,Insertion,1,1,1,300x,
1,3785197,3785262,936,Insertion,2,2,2,PacBio,
1,3785273,3785274,937,Insertion,1,1,1,300x,
1,3785273,3785274,937,Insertion,2,2,2,PacBio,
1,3808713,3808759,941,Deletion,1,1,2,PacBio,
1,3809016,3809108,942,Deletion,1,0,2,PacBio,
1,3809049,3809190,943,Deletion,1,0,2,PacBio,
1,3812078,3812121,945,Deletion,1,1,0,300x,
1,3812078,3812121,945,Deletion,1,1,0,250x,
1,3812079,3812124,946,Deletion,1,1,0,300x,
1,3812079,3812124,947,Deletion,1,1,0,300x,
1,3812079,3812124,948,Deletion,1,1,0,300x,
1,3812079,3812124,946,Deletion,1,1,0,250x,
1,3812079,3812124,947,Deletion,1,1,0,250x,
1,3812079,3812124,948,Deletion,1,1,0,250x,
1,3812097,3812141,949,Deletion,1,1,0,300x,
1,3812097,3812141,950,Deletion,1,1,0,300x,
1,3812097,3812141,949,Deletion,1,1,0,250x,
1,3812097,3812141,950,Deletion,1,1,0,250x,
1,3812110,3812112,951,Insertion,0,0,0,300x,
1,3812110,3812112,951,Insertion,0,0,0,250x,
1,3816054,3816075,952,Deletion,2,1,2,250x,
1,3816054,3816075,953,Deletion,2,1,2,250x,
1,3816054,3816075,954,Deletion,2,1,2,250x,
1,3816054,3816075,955,Deletion,2,1,2,250x,
1,3816054,3816075,956,Deletion,2,1,2,250x,
1,3816055,3816076,957,Deletion,2,1,2,250x,
1,3816055,3816076,958,Deletion,2,1,2,250x,
1,3825019,3825042,959,Deletion,1,0,1,250x,
1,3825019,3825042,960,Deletion,1,0,1,250x,
1,3845252,3995268,961,Deletion,2,2,2,300x,
1,3845252,3995268,962,Deletion,2,2,2,300x,
1,3845252,3995268,963,Deletion,2,2,2,300x,
1,3845252,3995268,961,Deletion,2,2,2,250x,
1,3845252,3995268,962,Deletion,2,2,2,250x,
1,3845252,3995268,963,Deletion,2,2,2,250x,
1,3845252,3995268,961,Deletion,2,2,2,MP,
1,3845252,3995268,962,Deletion,2,2,2,MP,
1,3845252,3995268,963,Deletion,2,2,2,MP,
1,4033605,4033649,965,Deletion,0,0,0,PacBio,
1,4059713,4059889,969,Insertion,0,0,0,300x,
1,4076360,4076385,978,Deletion,0,1,0,300x,
1,4076360,4076385,978,Deletion,0,1,0,250x,
1,4076934,4077178,979,Deletion,0,0,0,300x,
1,4076934,4077178,980,Deletion,0,0,0,300x,
1,4103945,4103972,986,Insertion,1,2,0,PacBio,
1,4103971,4103972,987,Insertion,1,2,0,PacBio,
1,4103971,4103972,988,Insertion,1,2,0,PacBio,
1,4124445,4124467,989,Deletion,0,0,0,300x,
1,4124445,4124467,989,Deletion,0,0,0,250x,
1,4125006,4126420,990,Deletion,0,0,0,300x,
1,4125006,4126420,991,Deletion,0,0,0,300x,
1,4125006,4126420,990,Deletion,0,0,0,250x,
1,4125006,4126420,991,Deletion,0,0,0,250x,
1,4126614,4137300,993,Deletion,1,1,1,300x,
1,4126614,4137300,994,Deletion,1,1,1,300x,
1,4126614,4137300,993,Deletion,1,1,1,250x,
1,4126614,4137300,994,Deletion,1,1,1,250x,
1,4126614,4137300,994,Deletion,1,1,1,MP,
1,4126614,4137300,994,Deletion,1,1,1,PacBio,
1,4137801,4137802,999,Insertion,2,2,2,PacBio,
1,4137801,4137802,1000,Insertion,2,2,2,PacBio,