,chrom,start,end,id,SVtype,HG002,HG003,HG004,Unnamed: 8,technology
162,1,1034429,1044497,164,Deletion,0,0,0,163,MP
188,1,1180674,1183435,190,Insertion,0,0,0,189,MP
208,1,1285401,1286800,210,Deletion,2,2,2,209,MP
248,1,1570571,1633791,250,Deletion,0,0,0,249,MP
287,1,1860890,1866242,290,Insertion,0,0,0,288,MP
357,1,2078502,2079680,359,Deletion,0,0,0,358,MP
440,1,2454128,2454441,442,Deletion,0,0,0,441,MP
441,1,2454244,2454279,443,Insertion,2,2,2,442,MP
454,1,2580059,2583992,456,Deletion,0,0,0,455,MP
471,1,2585635,2586299,473,Insertion,0,0,0,472,MP
589,1,2624750,2624751,591,Insertion,0,0,0,590,MP
595,1,2627212,2630537,597,Insertion,0,0,0,596,MP
597,1,2628419,2629228,599,Insertion,0,0,0,598,MP
600,1,2629365,2630016,602,Insertion,0,0,0,601,MP
606,1,2631621,2632366,608,Insertion,1,1,0,607,MP
620,1,2765350,2766309,622,Deletion,0,0,0,621,MP
621,1,2765350,2766309,623,Deletion,0,0,0,622,MP
626,1,2766308,2769536,628,Insertion,1,1,1,627,MP
635,1,2776048,2776113,637,Insertion,1,1,0,636,MP
636,1,2776048,2776113,638,Insertion,1,1,0,637,MP
681,1,2933273,2942419,683,Insertion,1,1,1,682,MP
713,1,3092906,3097405,715,Insertion,1,1,1,714,MP
743,1,3177306,3177307,745,Insertion,2,2,2,744,MP
744,1,3177306,3177307,746,Insertion,2,2,2,745,MP
745,1,3177306,3177307,747,Insertion,2,2,2,746,MP
853,1,3500495,3512988,855,Insertion,1,1,1,854,MP
918,1,3719650,3720278,920,Insertion,0,0,0,919,MP
919,1,3721505,3722296,921,Insertion,0,0,0,920,MP
959,1,3845252,3995268,961,Deletion,2,2,2,960,MP
960,1,3845252,3995268,962,Deletion,2,2,2,961,MP
961,1,3845252,3995268,963,Deletion,2,2,2,962,MP
992,1,4126614,4137300,994,Deletion,1,1,1,993,MP