,chrom,start,end,id,SVtype,HG002,HG003,HG004,technology,
10,1,537701,537702,11,Insertion,0,0,0,PacBio,1
12,1,546141,546142,13,Insertion,1,1,1,PacBio,2
37,1,821604,821605,38,Insertion,2,2,2,PacBio,3
38,1,821604,821605,39,Insertion,2,2,2,PacBio,4
39,1,821604,821605,40,Insertion,2,2,2,PacBio,5
42,1,823967,824047,43,Deletion,0,0,0,PacBio,6
43,1,829169,829206,44,Deletion,2,2,2,PacBio,7
44,1,829169,829206,45,Deletion,2,2,2,PacBio,8
45,1,829169,829206,46,Deletion,2,2,2,PacBio,9
46,1,829169,829206,47,Deletion,2,2,2,PacBio,10
47,1,829170,829206,48,Deletion,2,2,2,PacBio,11
48,1,829171,829208,49,Deletion,2,2,2,PacBio,12
49,1,829171,829208,50,Deletion,2,2,2,PacBio,13
50,1,829171,829208,51,Deletion,2,2,2,PacBio,14
76,1,899992,900148,77,Insertion,0,0,0,PacBio,15
87,1,919991,919992,88,Insertion,2,2,1,PacBio,16
88,1,919991,919992,89,Insertion,2,2,1,PacBio,17
89,1,919991,919992,90,Insertion,2,2,1,PacBio,18
90,1,919994,919995,91,Insertion,2,2,1,PacBio,19
92,1,919994,919995,93,Insertion,0,0,0,PacBio,20
103,1,931634,932247,104,Deletion,0,0,0,PacBio,21
113,1,957967,957968,114,Insertion,2,2,2,PacBio,22
114,1,957967,957968,115,Insertion,2,2,2,PacBio,23
115,1,957967,957968,116,Insertion,2,2,2,PacBio,24
116,1,957967,957968,117,Insertion,2,2,2,PacBio,25
117,1,957967,957968,118,Insertion,2,2,2,PacBio,26
118,1,957969,957970,119,Insertion,2,2,2,PacBio,27
119,1,957969,957970,120,Insertion,2,2,2,PacBio,28
130,1,984484,984515,131,Deletion,0,0,0,PacBio,29
138,1,1000412,1000619,139,Deletion,0,0,0,PacBio,30
139,1,1000442,1000664,140,Insertion,0,0,0,PacBio,31
162,1,1023656,1023694,163,Deletion,0,0,0,PacBio,32
165,1,1044356,1044357,166,Insertion,1,0,1,PacBio,33
180,1,1120035,1120251,181,Deletion,0,0,0,PacBio,34
184,1,1161100,1161130,185,Deletion,0,0,1,PacBio,35
228,1,1413217,1413382,229,Deletion,0,0,0,PacBio,36
229,1,1413217,1413382,230,Deletion,0,0,0,PacBio,37
230,1,1413347,1413348,231,Insertion,2,2,2,PacBio,38
250,1,1598413,1598580,255,Deletion,2,2,2,PacBio,39
251,1,1598413,1598581,254,Deletion,2,2,2,PacBio,40
253,1,1628379,1628407,257,Deletion,0,0,0,PacBio,41
254,1,1628379,1628407,258,Deletion,0,0,0,PacBio,42
255,1,1628379,1628407,259,Deletion,0,0,0,PacBio,43
256,1,1649043,1649094,262,Deletion,2,2,2,PacBio,44
257,1,1649043,1649094,263,Deletion,2,2,2,PacBio,45
258,1,1649043,1649095,260,Deletion,2,2,2,PacBio,46
259,1,1649043,1649095,261,Deletion,2,2,2,PacBio,47
262,1,1654004,1654005,266,Insertion,2,2,2,PacBio,48
263,1,1654004,1654005,267,Insertion,2,2,2,PacBio,49
264,1,1654004,1654005,268,Insertion,2,2,2,PacBio,50
266,1,1654005,1654006,270,Insertion,2,2,2,PacBio,51
268,1,1681044,1681045,272,Insertion,2,2,2,PacBio,52
272,1,1685921,1685944,276,Deletion,1,2,0,PacBio,53
273,1,1685921,1685944,277,Deletion,1,2,0,PacBio,54
274,1,1685921,1685944,278,Deletion,1,2,0,PacBio,55
275,1,1685921,1685944,279,Deletion,1,2,0,PacBio,56
276,1,1685921,1685944,280,Deletion,1,2,0,PacBio,57
297,1,1880380,1880381,301,Insertion,0,0,0,PacBio,58
298,1,1880616,1880618,302,Insertion,0,0,0,PacBio,59
299,1,1886457,1886458,303,Insertion,2,2,1,PacBio,60
300,1,1886457,1886458,304,Insertion,2,2,1,PacBio,61
301,1,1886519,1886520,305,Insertion,2,2,1,PacBio,62
302,1,1886519,1886520,306,Insertion,2,2,1,PacBio,63
303,1,1886519,1886520,307,Insertion,2,2,1,PacBio,64
312,1,1925143,1925144,316,Insertion,2,2,2,PacBio,65
314,1,1925143,1925248,318,Deletion,0,0,0,PacBio,66
324,1,2002490,2002491,328,Insertion,1,1,1,PacBio,67
325,1,2002490,2002491,329,Insertion,1,1,1,PacBio,68
326,1,2002490,2002491,330,Insertion,1,1,1,PacBio,69
327,1,2002490,2002491,331,Insertion,1,1,1,PacBio,70
328,1,2002490,2002491,332,Insertion,1,1,1,PacBio,71
329,1,2002500,2002501,333,Insertion,1,1,1,PacBio,72
330,1,2017166,2017168,334,Insertion,1,1,1,PacBio,73
331,1,2017199,2017200,335,Insertion,1,1,1,PacBio,74
334,1,2038015,2038249,338,Deletion,1,1,0,PacBio,75
336,1,2038235,2038295,340,Deletion,1,2,0,PacBio,76
338,1,2041555,2041650,342,Insertion,0,0,0,PacBio,77
339,1,2041556,2041653,343,Deletion,1,1,1,PacBio,78
340,1,2041597,2041692,344,Deletion,1,1,1,PacBio,79
345,1,2053493,2055814,349,Deletion,0,0,0,PacBio,80
353,1,2073760,2073847,357,Deletion,1,0,2,PacBio,81
355,1,2078502,2079680,359,Deletion,0,0,0,PacBio,82
358,1,2109324,2109325,362,Insertion,0,0,0,PacBio,83
364,1,2142879,2143634,368,Deletion,0,0,0,PacBio,84
365,1,2142880,2143634,369,Deletion,0,0,0,PacBio,85
369,1,2193484,2193555,373,Deletion,1,0,1,PacBio,86
370,1,2193484,2193555,374,Deletion,1,0,1,PacBio,87
371,1,2193549,2193619,375,Deletion,1,0,1,PacBio,88
406,1,2324454,2324498,410,Deletion,0,0,0,PacBio,89
407,1,2324454,2324498,411,Deletion,0,0,0,PacBio,90
408,1,2324473,2324474,412,Insertion,2,2,2,PacBio,91
409,1,2324473,2324474,413,Insertion,2,2,2,PacBio,92
410,1,2324473,2324474,414,Insertion,2,2,2,PacBio,93
411,1,2324473,2324474,415,Insertion,2,2,2,PacBio,94
412,1,2324473,2324474,416,Insertion,2,2,2,PacBio,95
413,1,2324487,2324488,417,Insertion,2,2,2,PacBio,96
425,1,2390810,2391081,429,Insertion,0,0,0,PacBio,97
433,1,2415308,2415330,437,Deletion,1,1,1,PacBio,98
435,1,2432229,2432265,439,Deletion,1,0,1,PacBio,99
436,1,2432244,2432286,440,Deletion,1,0,1,PacBio,100
439,1,2454244,2454279,443,Insertion,2,2,2,PacBio,101
440,1,2454247,2454279,444,Insertion,2,2,2,PacBio,102
441,1,2523801,2524008,445,Deletion,1,1,1,PacBio,103
443,1,2523851,2523950,447,Insertion,0,0,0,PacBio,104
444,1,2523909,2524024,448,Deletion,1,1,1,PacBio,105
445,1,2533554,2533555,449,Insertion,1,1,1,PacBio,106
446,1,2533603,2533604,450,Insertion,1,1,1,PacBio,107
447,1,2533603,2533604,451,Insertion,1,1,1,PacBio,108
448,1,2533605,2533606,452,Insertion,1,1,1,PacBio,109
449,1,2566433,2566434,453,Insertion,1,1,1,PacBio,110
450,1,2566488,2566489,454,Insertion,1,1,1,PacBio,111
451,1,2566583,2566584,455,Insertion,1,1,1,PacBio,112
611,1,2714770,2714818,616,Deletion,1,1,1,PacBio,113
612,1,2714770,2714818,617,Deletion,1,1,1,PacBio,114
613,1,2714775,2714824,618,Deletion,1,1,1,PacBio,115
614,1,2714776,2714826,619,Deletion,1,1,1,PacBio,116
617,1,2765350,2766309,622,Deletion,0,0,0,PacBio,117
618,1,2765350,2766309,623,Deletion,0,0,0,PacBio,118
643,1,2794130,2794131,648,Insertion,2,2,2,PacBio,119
644,1,2794130,2794131,649,Insertion,2,2,2,PacBio,120
646,1,2855068,2855069,651,Insertion,0,1,1,PacBio,121
647,1,2861399,2861400,652,Insertion,0,0,0,PacBio,122
651,1,2866481,2876693,656,Deletion,1,1,1,PacBio,123
669,1,2897557,2897588,674,Deletion,1,2,0,PacBio,124
670,1,2897584,2897608,675,Deletion,1,2,0,PacBio,125
671,1,2897588,2897617,676,Deletion,1,2,0,PacBio,126
678,1,2933273,2942419,683,Insertion,1,1,1,PacBio,127
679,1,2942602,2942603,684,Insertion,2,2,2,PacBio,128
680,1,2942602,2942603,685,Insertion,2,2,2,PacBio,129
681,1,2942602,2942603,686,Insertion,2,2,2,PacBio,130
682,1,2954348,2954349,687,Insertion,1,1,0,PacBio,131
683,1,2954348,2954349,688,Insertion,1,1,0,PacBio,132
684,1,2954410,2954411,689,Insertion,1,1,0,PacBio,133
685,1,2954410,2954411,690,Insertion,1,1,0,PacBio,134
687,1,2959216,2959217,691,Insertion,2,2,1,PacBio,135
689,1,2959228,2959229,694,Insertion,2,2,1,PacBio,136
694,1,3045232,3045256,699,Deletion,2,1,2,PacBio,137
695,1,3045232,3045256,700,Deletion,2,1,2,PacBio,138
696,1,3045232,3045256,701,Deletion,2,1,2,PacBio,139
697,1,3045261,3045285,702,Deletion,2,1,2,PacBio,140
698,1,3045261,3045285,703,Deletion,2,1,2,PacBio,141
699,1,3045865,3045894,704,Deletion,2,1,1,PacBio,142
700,1,3045865,3045894,705,Deletion,2,1,1,PacBio,143
701,1,3045865,3045894,706,Deletion,2,1,1,PacBio,144
702,1,3045865,3045894,707,Deletion,2,1,1,PacBio,145
703,1,3045865,3045894,708,Deletion,2,1,1,PacBio,146
705,1,3082422,3082447,710,Deletion,1,2,0,PacBio,147
727,1,3129180,3129183,732,Insertion,1,2,1,PacBio,148
732,1,3131961,3131962,737,Insertion,2,2,1,PacBio,149
733,1,3131961,3131962,738,Insertion,2,2,1,PacBio,150
735,1,3172416,3172417,740,Insertion,1,2,0,PacBio,151
736,1,3172416,3172417,741,Insertion,1,2,0,PacBio,152
737,1,3172416,3172417,742,Insertion,1,2,0,PacBio,153
738,1,3172474,3172475,743,Insertion,1,1,0,PacBio,154
739,1,3177306,3177307,744,Insertion,2,2,2,PacBio,155
740,1,3177306,3177307,745,Insertion,2,2,2,PacBio,156
741,1,3177306,3177307,746,Insertion,2,2,2,PacBio,157
742,1,3177306,3177307,747,Insertion,2,2,2,PacBio,158
745,1,3193234,3193235,750,Insertion,2,2,2,PacBio,159
746,1,3193234,3193235,751,Insertion,2,2,2,PacBio,160
747,1,3193234,3193235,752,Insertion,2,2,2,PacBio,161
748,1,3193234,3193235,753,Insertion,2,2,2,PacBio,162
749,1,3193234,3193235,754,Insertion,2,2,2,PacBio,163
753,1,3203875,3204401,758,Deletion,0,0,0,PacBio,164
754,1,3203875,3204402,759,Deletion,0,0,0,PacBio,165
755,1,3203927,3204313,760,Insertion,0,0,0,PacBio,166
760,1,3215840,3215962,765,Deletion,2,2,2,PacBio,167
761,1,3215840,3215962,766,Deletion,2,2,2,PacBio,168
762,1,3215864,3215987,767,Deletion,2,2,2,PacBio,169
779,1,3262289,3262332,784,Deletion,1,0,1,PacBio,170
780,1,3262289,3262332,785,Deletion,1,0,1,PacBio,171
781,1,3262302,3262348,786,Deletion,1,0,1,PacBio,172
800,1,3344756,3344804,805,Deletion,0,0,0,PacBio,173
801,1,3344756,3344804,806,Deletion,0,0,0,PacBio,174
805,1,3359800,3359875,810,Insertion,0,0,0,PacBio,175
833,1,3460741,3460742,838,Insertion,0,0,0,PacBio,176
850,1,3500495,3512988,855,Insertion,1,1,1,PacBio,177
873,1,3560479,3560943,878,Deletion,2,1,2,PacBio,178
874,1,3560479,3560943,879,Deletion,2,1,2,PacBio,179
875,1,3560486,3560602,880,Insertion,0,0,0,PacBio,180
889,1,3591724,3591746,895,Insertion,0,0,0,PacBio,181
892,1,3596383,3596410,897,Deletion,1,0,1,PacBio,182
893,1,3596383,3596410,898,Deletion,1,0,1,PacBio,183
894,1,3598418,3598491,900,Deletion,1,0,1,PacBio,184
895,1,3598418,3598492,899,Deletion,1,0,1,PacBio,185
897,1,3610510,3610512,902,Insertion,1,1,1,PacBio,186
902,1,3656048,3656120,907,Deletion,1,0,1,PacBio,187
903,1,3656068,3656141,908,Deletion,1,0,1,PacBio,188
904,1,3656068,3656141,909,Deletion,1,0,1,PacBio,189
907,1,3714245,3714289,912,Deletion,0,0,0,PacBio,190
908,1,3714245,3714289,913,Deletion,0,0,0,PacBio,191
912,1,3717002,3717153,917,Deletion,1,1,0,PacBio,192
913,1,3717007,3717156,918,Deletion,1,1,0,PacBio,193
914,1,3717007,3717157,919,Deletion,1,1,0,PacBio,194
916,1,3721505,3722296,921,Insertion,0,0,0,PacBio,195
917,1,3737024,3737116,922,Deletion,0,0,0,PacBio,196
918,1,3737024,3737116,923,Deletion,0,0,0,PacBio,197
921,1,3737075,3737076,926,Insertion,2,1,2,PacBio,198
922,1,3737075,3737076,927,Insertion,2,1,2,PacBio,199
926,1,3748936,3749008,931,Deletion,0,1,0,PacBio,200
927,1,3748967,3749039,932,Deletion,0,1,0,PacBio,201
928,1,3748967,3749039,933,Deletion,0,1,0,PacBio,202
931,1,3785197,3785262,936,Insertion,2,2,2,PacBio,203
932,1,3785273,3785274,937,Insertion,2,2,2,PacBio,204
936,1,3808713,3808759,941,Deletion,1,1,2,PacBio,205
937,1,3809016,3809108,942,Deletion,1,0,2,PacBio,206
938,1,3809049,3809190,943,Deletion,1,0,2,PacBio,207
957,1,4033605,4033649,965,Deletion,0,0,0,PacBio,208
978,1,4103945,4103972,986,Insertion,1,2,0,PacBio,209
979,1,4103971,4103972,987,Insertion,1,2,0,PacBio,210
980,1,4103971,4103972,988,Insertion,1,2,0,PacBio,211
986,1,4126614,4137300,994,Deletion,1,1,1,PacBio,212
991,1,4137801,4137802,999,Insertion,2,2,2,PacBio,213
992,1,4137801,4137802,1000,Insertion,2,2,2,PacBio,214
,,,,,,,,,,
,,,,,,,,,,0.21550856